-- --------------------------------------------------------
-- Host:                         127.0.0.1
-- Server version:               10.1.30-MariaDB - mariadb.org binary distribution
-- Server OS:                    Win32
-- HeidiSQL Version:             11.0.0.5919
-- --------------------------------------------------------

/*!40101 SET @OLD_CHARACTER_SET_CLIENT=@@CHARACTER_SET_CLIENT */;
/*!40101 SET NAMES utf8 */;
/*!50503 SET NAMES utf8mb4 */;
/*!40014 SET @OLD_FOREIGN_KEY_CHECKS=@@FOREIGN_KEY_CHECKS, FOREIGN_KEY_CHECKS=0 */;
/*!40101 SET @OLD_SQL_MODE=@@SQL_MODE, SQL_MODE='NO_AUTO_VALUE_ON_ZERO' */;


-- Dumping database structure for presensi
CREATE DATABASE IF NOT EXISTS `presensi` /*!40100 DEFAULT CHARACTER SET latin1 */;
USE `presensi`;

-- Dumping structure for table presensi.absen_mengajar
CREATE TABLE IF NOT EXISTS `absen_mengajar` (
  `id` int(11) NOT NULL AUTO_INCREMENT,
  `id_user` int(11) DEFAULT NULL,
  `id_jadwal` int(11) DEFAULT NULL,
  `hari` varchar(50) DEFAULT NULL,
  `kelas` varchar(50) DEFAULT NULL,
  `pelajaran` varchar(50) DEFAULT NULL,
  `tanggal` date DEFAULT NULL,
  `jam_mulai` time DEFAULT NULL,
  `jam_akhir` time DEFAULT NULL,
  `created` varchar(50) DEFAULT NULL,
  `date_created` datetime DEFAULT NULL,
  `deleted` char(1) DEFAULT '0',
  PRIMARY KEY (`id`)
) ENGINE=InnoDB AUTO_INCREMENT=9 DEFAULT CHARSET=latin1;

-- Dumping data for table presensi.absen_mengajar: ~8 rows (approximately)
/*!40000 ALTER TABLE `absen_mengajar` DISABLE KEYS */;
INSERT INTO `absen_mengajar` (`id`, `id_user`, `id_jadwal`, `hari`, `kelas`, `pelajaran`, `tanggal`, `jam_mulai`, `jam_akhir`, `created`, `date_created`, `deleted`) VALUES
	(1, 19, 4, 'Kamis', '2', '6', '2022-10-20', '07:30:00', '09:30:00', '1', '2022-10-22 19:32:05', '0'),
	(2, 2, 5, 'Kamis', '2', '1', '2022-10-20', '09:55:00', '11:15:00', '1', '2022-10-22 19:41:50', '0'),
	(3, 31, 9, 'Kamis', '2', '13', '2022-10-20', '11:15:00', '12:35:00', '1', '2022-10-22 19:42:12', '0'),
	(4, 26, 7, 'Kamis', '2', '11', '2022-10-20', '13:05:00', '14:25:00', '1', '2022-10-22 19:42:49', '0'),
	(5, 13, 8, 'Kamis', '2', '22', '2022-10-20', '14:25:00', '15:45:00', '1', '2022-10-22 20:22:04', '0'),
	(6, 11, 6, 'Kamis', '1', '4', '2022-10-20', '11:15:00', '12:35:00', '1', '2022-10-23 05:43:10', '0'),
	(7, 2, 10, 'Jumat', '2', '23', '2022-11-11', '10:00:00', '12:00:00', '2', '2022-11-11 11:01:39', '0'),
	(8, 41, 88, 'Senin', '2', '1', '2022-12-05', '08:15:00', '09:45:00', '41', '2022-12-05 17:50:50', '0');
/*!40000 ALTER TABLE `absen_mengajar` ENABLE KEYS */;

-- Dumping structure for table presensi.absen_mengajar2
CREATE TABLE IF NOT EXISTS `absen_mengajar2` (
  `id` int(11) NOT NULL AUTO_INCREMENT,
  `tanggal` date DEFAULT NULL,
  `hari` varchar(50) DEFAULT NULL,
  `kelas` varchar(50) DEFAULT NULL,
  `pengajar` varchar(50) DEFAULT NULL,
  `satu` varchar(50) DEFAULT NULL,
  `dua` varchar(50) DEFAULT NULL,
  `tiga` varchar(50) DEFAULT NULL,
  `empat` varchar(50) DEFAULT NULL,
  `lima` varchar(50) DEFAULT NULL,
  `enam` varchar(50) DEFAULT NULL,
  `tujuh` varchar(50) DEFAULT NULL,
  `delapan` varchar(50) DEFAULT NULL,
  `sembilan` varchar(50) DEFAULT NULL,
  `sepuluh` varchar(50) DEFAULT NULL,
  `sebelas` varchar(50) DEFAULT NULL,
  `created` varchar(50) DEFAULT NULL,
  `date_created` datetime DEFAULT NULL,
  `deleted` char(50) NOT NULL DEFAULT '0',
  PRIMARY KEY (`id`)
) ENGINE=InnoDB AUTO_INCREMENT=2 DEFAULT CHARSET=utf8mb4;

-- Dumping data for table presensi.absen_mengajar2: ~0 rows (approximately)
/*!40000 ALTER TABLE `absen_mengajar2` DISABLE KEYS */;
INSERT INTO `absen_mengajar2` (`id`, `tanggal`, `hari`, `kelas`, `pengajar`, `satu`, `dua`, `tiga`, `empat`, `lima`, `enam`, `tujuh`, `delapan`, `sembilan`, `sepuluh`, `sebelas`, `created`, `date_created`, `deleted`) VALUES
	(1, '2022-11-11', 'Jumat', '2', '2', NULL, 'H', NULL, NULL, NULL, NULL, NULL, NULL, NULL, NULL, NULL, '129', '2022-11-11 10:58:13', '0');
/*!40000 ALTER TABLE `absen_mengajar2` ENABLE KEYS */;

-- Dumping structure for table presensi.absen_pns
CREATE TABLE IF NOT EXISTS `absen_pns` (
  `id` int(11) NOT NULL AUTO_INCREMENT,
  `id_pns` int(11) DEFAULT NULL,
  `username` varchar(50) DEFAULT NULL,
  `image` varchar(50) DEFAULT NULL,
  `latitude` varchar(50) DEFAULT NULL,
  `longitude` varchar(50) DEFAULT NULL,
  `nama_tempat` varchar(50) DEFAULT NULL,
  `radius` varchar(50) DEFAULT NULL,
  `waktu` datetime DEFAULT NULL,
  `tanggal` date DEFAULT NULL,
  `jam` time DEFAULT NULL,
  `deleted` char(1) DEFAULT '0',
  PRIMARY KEY (`id`),
  KEY `username` (`username`)
) ENGINE=InnoDB AUTO_INCREMENT=262 DEFAULT CHARSET=latin1;

-- Dumping data for table presensi.absen_pns: ~250 rows (approximately)
/*!40000 ALTER TABLE `absen_pns` DISABLE KEYS */;
INSERT INTO `absen_pns` (`id`, `id_pns`, `username`, `image`, `latitude`, `longitude`, `nama_tempat`, `radius`, `waktu`, `tanggal`, `jam`, `deleted`) VALUES
	(1, 2, 'U001', 'image_1666481626.png', '-7.674284', '110.6151758', 'Rumah Gelang', '40', '2022-10-23 06:33:46', '2022-10-23', '06:33:46', '0'),
	(2, 2, 'U001', 'image_1666481641.png', '-7.674284', '110.6151758', 'Rumah Gelang', '40', '2022-10-23 06:34:01', '2022-10-23', '15:34:01', '0'),
	(3, 3, 'U002', 'image_1666481626.png', '-7.674284', '110.6151758', 'Rumah Gelang', '40', '2022-10-23 06:33:46', '2022-10-23', '07:00:46', '0'),
	(4, 4, 'U003', 'image_1666534495.png', '-7.6742844', '110.6151782', 'Rumah Gelang', '40', '2022-10-23 21:14:55', '2022-10-23', '07:05:55', '0'),
	(5, 4, 'U003', 'image_1666534511.png', '-7.6742844', '110.6151782', 'Rumah Gelang', '40', '2022-10-23 21:15:11', '2022-10-23', '14:15:11', '0'),
	(6, 4, 'U003', 'image_1666534531.png', '-7.6742844', '110.6151782', 'Rumah Gelang', '40', '2022-10-23 21:15:31', '2022-10-23', '15:01:31', '0'),
	(7, 1, 'pangtelu', 'image_1668138436.png', '-2.4452275', '101.1409085', 'Lubuk Gedang', '60000', '2022-11-11 10:47:16', '2022-11-11', '10:47:16', '0'),
	(8, 2, 'U001', 'image_1668138518.png', '-2.445206', '101.1408857', 'Lubuk Gedang', '60000', '2022-11-11 10:48:38', '2022-11-11', '10:48:38', '0'),
	(9, 2, 'U001', 'image_1668138529.png', '-2.4451998', '101.1408864', 'Lubuk Gedang', '60000', '2022-11-11 10:48:49', '2022-11-11', '10:48:49', '0'),
	(10, 2, 'U001', 'image_1669702034.png', '-0.6346558', '100.2719763', 'SMKN 1 ENAM LINGKUNG', '600000', '2022-11-29 13:07:14', '2022-11-29', '13:07:14', '0'),
	(11, 2, 'U001', 'image_1669715538.png', '-0.676098', '100.2496108', 'SMKN 1 ENAM LINGKUNG', '600000', '2022-11-29 16:52:18', '2022-11-29', '16:52:18', '0'),
	(12, 2, 'U001', 'image_1669941424.png', '-2.4452342', '101.1409171', 'SMKN 1 ENAM LINGKUNG', '600000', '2022-12-02 07:37:04', '2022-12-02', '07:37:04', '0'),
	(13, 2, 'U001', 'image_1669941463.png', '-2.4452267', '101.1409163', 'SMKN 1 ENAM LINGKUNG', '600000', '2022-12-02 07:37:43', '2022-12-02', '07:37:43', '0'),
	(14, 3, 'U002', 'image_1670042783.png', '-0.6346484', '100.2719813', 'SMKN 1 ENAM LINGKUNG', '50', '2022-12-03 11:46:23', '2022-12-03', '11:46:23', '0'),
	(15, 77, 'U076', 'image_1670042854.png', '-0.63468', '100.271972', 'SMKN 1 ENAM LINGKUNG', '50', '2022-12-03 11:47:34', '2022-12-03', '11:47:34', '0'),
	(16, 2, 'U001', 'image_1670043348.png', '-0.6346473', '100.2719794', 'SMKN 1 ENAM LINGKUNG', '50', '2022-12-03 11:55:48', '2022-12-03', '11:55:48', '0'),
	(17, 34, 'U033', 'image_1670045220.png', '-0.6346444', '100.2719787', 'SMKN 1 ENAM LINGKUNG', '50', '2022-12-03 12:27:00', '2022-12-03', '12:27:00', '0'),
	(18, 35, 'U034', 'image_1670045290.png', '-0.6346486', '100.2719814', 'SMKN 1 ENAM LINGKUNG', '50', '2022-12-03 12:28:10', '2022-12-03', '12:28:10', '0'),
	(19, 35, 'U034', 'image_1670045720.png', '-0.6346492', '100.2719815', 'SMKN 1 ENAM LINGKUNG', '50', '2022-12-03 12:35:20', '2022-12-03', '12:35:20', '0'),
	(20, 25, 'U024', 'image_1670046199.png', '-0.6346489', '100.2719812', 'SMKN 1 ENAM LINGKUNG', '50', '2022-12-03 12:43:19', '2022-12-03', '12:43:19', '0'),
	(21, 6, 'U005', 'image_1670047186.png', '-0.6346488', '100.2719792', 'SMKN 1 ENAM LINGKUNG', '50', '2022-12-03 12:59:46', '2022-12-03', '12:59:46', '0'),
	(22, 39, 'U038', 'image_1670047825.png', '-0.6346478', '100.2719789', 'SMKN 1 ENAM LINGKUNG', '50', '2022-12-03 13:10:26', '2022-12-03', '13:10:26', '0'),
	(23, 11, 'U010', 'image_1670049589.png', '-0.6340833', '100.2722764', 'SMKN 1 ENAM LINGKUNG', '50', '2022-12-03 13:39:49', '2022-12-03', '13:39:49', '0'),
	(24, 11, 'U010', 'image_1670049654.png', '-0.6340836', '100.2722773', 'SMKN 1 ENAM LINGKUNG', '50', '2022-12-03 13:40:54', '2022-12-03', '13:40:54', '0'),
	(25, 5, 'U004', 'image_1670049692.png', '-0.6340906', '100.272274', 'SMKN 1 ENAM LINGKUNG', '50', '2022-12-03 13:41:32', '2022-12-03', '13:41:32', '0'),
	(26, 11, 'U010', 'image_1670049708.png', '-0.6340842', '100.2722774', 'SMKN 1 ENAM LINGKUNG', '50', '2022-12-03 13:41:48', '2022-12-03', '13:41:48', '0'),
	(27, 35, 'U034', 'image_1670202143.png', '-0.6346517', '100.2719085', 'SMKN 1 ENAM LINGKUNG', '50', '2022-12-05 08:02:23', '2022-12-05', '08:02:23', '0'),
	(28, 2, 'U001', 'image_1670285379.png', '-0.6346661', '100.2719749', 'SMKN 1 ENAM LINGKUNG', '50', '2022-12-06 07:09:39', '2022-12-06', '07:09:39', '0'),
	(29, 35, 'U034', 'image_1670286727.png', '-0.6346487', '100.2719814', 'SMKN 1 ENAM LINGKUNG', '50', '2022-12-06 07:32:07', '2022-12-06', '07:32:07', '0'),
	(30, 39, 'U038', 'image_1670287253.png', '-0.6346487', '100.2719812', 'SMKN 1 ENAM LINGKUNG', '50', '2022-12-06 07:40:53', '2022-12-06', '07:40:53', '0'),
	(31, 9, 'U008', 'image_1670288006.png', '-0.6342523', '100.2722284', 'SMKN 1 ENAM LINGKUNG', '6000', '2022-12-06 07:53:26', '2022-12-06', '07:53:26', '0'),
	(32, 43, 'U042', 'image_1670288447.png', '-0.6306306306306306', '100.27634418890575', 'SMKN 1 ENAM LINGKUNG', '6000', '2022-12-06 08:00:47', '2022-12-06', '08:00:47', '0'),
	(33, 13, 'U012', 'image_1670288684.png', '-0.6346447', '100.2719753', 'SMKN 1 ENAM LINGKUNG', '6000', '2022-12-06 08:04:44', '2022-12-06', '08:04:44', '0'),
	(34, 13, 'U012', 'image_1670288733.png', '-0.6346451', '100.271979', 'SMKN 1 ENAM LINGKUNG', '6000', '2022-12-06 08:05:33', '2022-12-06', '08:05:33', '0'),
	(35, 12, 'U011', 'image_1670288984.png', '-0.6346484', '100.2719813', 'SMKN 1 ENAM LINGKUNG', '6000', '2022-12-06 08:09:44', '2022-12-06', '08:09:44', '0'),
	(36, 27, 'U026', 'image_1670289122.png', '-0.6350961', '100.2735083', 'SMKN 1 ENAM LINGKUNG', '6000', '2022-12-06 08:12:02', '2022-12-06', '08:12:02', '0'),
	(37, 77, 'U076', 'image_1670289243.png', '-0.6346501', '100.2719815', 'SMKN 1 ENAM LINGKUNG', '6000', '2022-12-06 08:14:03', '2022-12-06', '08:14:03', '0'),
	(38, 18, 'U017', 'image_1670290267.png', '-0.6351765', '100.2722013', 'SMKN 1 ENAM LINGKUNG', '6000', '2022-12-06 08:31:07', '2022-12-06', '08:31:07', '0'),
	(39, 38, 'U037', 'image_1670294238.png', '-0.6340865', '100.2722775', 'SMKN 1 ENAM LINGKUNG', '6000', '2022-12-06 09:37:18', '2022-12-06', '09:37:18', '0'),
	(40, 18, 'U017', 'image_1670295185.png', '-0.6342395', '100.2722295', 'SMKN 1 ENAM LINGKUNG', '6000', '2022-12-06 09:53:05', '2022-12-06', '09:53:05', '0'),
	(41, 28, 'U027', 'image_1670295204.png', '-0.6292612', '100.2759623', 'SMKN 1 ENAM LINGKUNG', '6000', '2022-12-06 09:53:24', '2022-12-06', '09:53:24', '0'),
	(42, 8, 'U007', 'image_1670295231.png', '-0.6340834', '100.2722763', 'SMKN 1 ENAM LINGKUNG', '6000', '2022-12-06 09:53:51', '2022-12-06', '09:53:51', '0'),
	(43, 8, 'U007', 'image_1670295256.png', '-0.6340834', '100.2722763', 'SMKN 1 ENAM LINGKUNG', '6000', '2022-12-06 09:54:16', '2022-12-06', '09:54:16', '0'),
	(44, 8, 'U007', 'image_1670295354.png', '-0.6340838', '100.2722773', 'SMKN 1 ENAM LINGKUNG', '6000', '2022-12-06 09:55:54', '2022-12-06', '09:55:54', '0'),
	(45, 7, 'U006', 'image_1670295554.png', '-0.6342513', '100.2722366', 'SMKN 1 ENAM LINGKUNG', '6000', '2022-12-06 09:59:14', '2022-12-06', '09:59:14', '0'),
	(46, 24, 'U023', 'image_1670296140.png', '-0.6340854', '100.2722756', 'SMKN 1 ENAM LINGKUNG', '6000', '2022-12-06 10:09:00', '2022-12-06', '10:09:00', '0'),
	(47, 24, 'U023', 'image_1670296167.png', '-0.6340847', '100.2722747', 'SMKN 1 ENAM LINGKUNG', '6000', '2022-12-06 10:09:27', '2022-12-06', '10:09:27', '0'),
	(48, 5, 'U004', 'image_1670297683.png', '-0.6340835', '100.2722743', 'SMKN 1 ENAM LINGKUNG', '6000', '2022-12-06 10:34:43', '2022-12-06', '10:34:43', '0'),
	(49, 9, 'U008', 'image_1670300320.png', '-0.635224', '100.2720555', 'SMKN 1 ENAM LINGKUNG', '6000', '2022-12-06 11:18:40', '2022-12-06', '11:18:40', '0'),
	(50, 4, 'U003', 'image_1670304205.png', '-0.6447075', '100.2496019', 'SMKN 1 ENAM LINGKUNG', '6000', '2022-12-06 12:23:25', '2022-12-06', '12:23:25', '0'),
	(51, 77, 'U076', 'image_1670317955.png', '-0.6346484', '100.2719814', 'SMKN 1 ENAM LINGKUNG', '6000', '2022-12-06 16:12:35', '2022-12-06', '16:12:35', '0'),
	(52, 1, 'niozone', 'image_1670330279.png', '-2.4452318', '101.1409147', 'SMKN 1 ENAM LINGKUNG', '6000', '2022-12-06 19:37:59', '2022-12-06', '19:37:59', '0'),
	(53, 1, 'niozone', 'image_1670330317.png', '-2.4452309', '101.1409186', 'SMKN 1 ENAM LINGKUNG', '6000', '2022-12-06 19:38:37', '2022-12-06', '19:38:37', '0'),
	(55, 2, 'U001', 'image_1670371739.png', '-0.6346414', '100.2719474', 'SMKN 1 ENAM LINGKUNG', '6000', '2022-12-07 07:08:59', '2022-12-07', '07:08:59', '0'),
	(56, 18, 'U017', 'image_1670371763.png', '-0.6351603', '100.2721592', 'SMKN 1 ENAM LINGKUNG', '6000', '2022-12-07 07:09:23', '2022-12-07', '07:09:23', '0'),
	(57, 4, 'U003', 'image_1670372760.png', '-0.6340882', '100.2722779', 'SMKN 1 ENAM LINGKUNG', '6000', '2022-12-07 07:26:00', '2022-12-07', '07:26:00', '0'),
	(59, 13, 'U012', 'image_1670373115.png', '-0.634652', '100.2719819', 'SMKN 1 ENAM LINGKUNG', '6000', '2022-12-07 07:31:55', '2022-12-07', '07:31:55', '0'),
	(60, 33, 'U032', 'image_1670373133.png', '-0.6346697', '100.2719752', 'SMKN 1 ENAM LINGKUNG', '6000', '2022-12-07 07:32:13', '2022-12-07', '07:32:13', '0'),
	(61, 38, 'U037', 'image_1670374505.png', '-0.6345838', '100.2720364', 'SMKN 1 ENAM LINGKUNG', '6000', '2022-12-07 07:55:05', '2022-12-07', '07:55:05', '0'),
	(62, 12, 'U011', 'image_1670374854.png', '-0.6346484', '100.2719814', 'SMKN 1 ENAM LINGKUNG', '6000', '2022-12-07 08:00:54', '2022-12-07', '08:00:54', '0'),
	(63, 34, 'U033', 'image_1670375005.png', '-0.6345058', '100.2737991', 'SMKN 1 LUGED', '6000', '2022-12-07 08:03:25', '2022-12-07', '08:03:25', '0'),
	(64, 35, 'U034', 'image_1670375312.png', '-0.6346486', '100.2719814', 'SMKN 1 LUGED', '6000', '2022-12-07 08:08:32', '2022-12-07', '08:08:32', '0'),
	(66, 25, 'U024', 'image_1670375607.png', '-0.6340904', '100.2722779', 'SMKN 1 LUGED', '6000', '2022-12-07 08:13:27', '2022-12-07', '08:13:27', '0'),
	(67, 5, 'U004', 'image_1670376530.png', '-0.6340985', '100.2722802', 'SMKN 1 LUGED', '6000', '2022-12-07 08:28:50', '2022-12-07', '08:28:50', '0'),
	(68, 39, 'U038', 'image_1670376575.png', '-0.6345151', '100.2724566', 'SMKN 1 LUGED', '6000', '2022-12-07 08:29:35', '2022-12-07', '08:29:35', '0'),
	(69, 7, 'U006', 'image_1670378750.png', '-0.6346699', '100.271976', 'SMKN 1 LUGED', '6000', '2022-12-07 09:05:50', '2022-12-07', '09:05:50', '0'),
	(72, 37, 'U036', 'image_1670378962.png', '-0.6340826', '100.2722841', 'SMKN 1 LUGED', '6000', '2022-12-07 09:09:22', '2022-12-07', '09:09:22', '0'),
	(73, 40, 'U039', 'image_1670379110.png', '-0.6346384', '100.2719929', 'SMKN 1 LUGED', '6000', '2022-12-07 09:11:50', '2022-12-07', '09:11:50', '0'),
	(77, 28, 'U027', 'image_1670379284.png', '-0.6342878', '100.2721893', 'SMKN 1 LUGED', '6000', '2022-12-07 09:14:44', '2022-12-07', '09:14:44', '0'),
	(78, 11, 'U010', 'image_1670380965.png', '-0.6339999', '100.2719878', 'SMKN 1 LUGED', '6000', '2022-12-07 09:42:45', '2022-12-07', '09:42:45', '0'),
	(82, 32, 'U031', 'image_1670458790.png', '-0.6340842', '100.2722774', 'SMKN 1 LUGED', '6000', '2022-12-08 07:19:50', '2022-12-08', '07:19:50', '0'),
	(83, 3, 'U002', 'image_1670459002.png', '-0.6340833', '100.2722772', 'SMKN 1 LUGED', '6000', '2022-12-08 07:23:22', '2022-12-08', '07:23:22', '0'),
	(84, 32, 'U031', 'image_1670459042.png', '-0.6340842', '100.2722774', 'SMKN 1 LUGED', '6000', '2022-12-08 07:24:02', '2022-12-08', '07:24:02', '0'),
	(85, 33, 'U032', 'image_1670459057.png', '-0.6346581', '100.2719822', 'SMKN 1 LUGED', '6000', '2022-12-08 07:24:17', '2022-12-08', '07:24:17', '0'),
	(86, 37, 'U036', 'image_1670459166.png', '-0.6341336', '100.2722616', 'SMKN 1 LUGED', '6000', '2022-12-08 07:26:06', '2022-12-08', '07:26:06', '0'),
	(87, 2, 'U001', 'image_1670459274.png', '-0.6346619', '100.2719782', 'SMKN 1 LUGED', '6000', '2022-12-08 07:27:54', '2022-12-08', '07:27:54', '0'),
	(88, 13, 'U012', 'image_1670459718.png', '-0.6340891', '100.2722855', 'SMKN 1 LUGED', '6000', '2022-12-08 07:35:18', '2022-12-08', '07:35:18', '0'),
	(89, 4, 'U003', 'image_1670459795.png', '-0.6447076', '100.2496025', 'SMKN 1 LUGED', '6000', '2022-12-08 07:36:35', '2022-12-08', '07:36:35', '0'),
	(90, 18, 'U017', 'image_1670460169.png', '-0.635177', '100.2721965', 'SMKN 1 LUGED', '6000', '2022-12-08 07:42:49', '2022-12-08', '07:42:49', '0'),
	(91, 34, 'U033', 'image_1670460170.png', '-0.6346363', '100.2719014', 'SMKN 1 LUGED', '6000', '2022-12-08 07:42:50', '2022-12-08', '07:42:50', '0'),
	(92, 5, 'U004', 'image_1670460248.png', '-0.6340955', '100.2722625', 'SMKN 1 LUGED', '6000', '2022-12-08 07:44:08', '2022-12-08', '07:44:08', '0'),
	(93, 35, 'U034', 'image_1670460322.png', '-0.6346484', '100.2719813', 'SMKN 1 LUGED', '6000', '2022-12-08 07:45:22', '2022-12-08', '07:45:22', '0'),
	(94, 36, 'U035', 'image_1670460343.png', '-0.635179', '100.2721991', 'SMKN 1 LUGED', '6000', '2022-12-08 07:45:43', '2022-12-08', '07:45:43', '0'),
	(95, 8, 'U007', 'image_1670460540.png', '-0.6340831', '100.272277', 'SMKN 1 LUGED', '6000', '2022-12-08 07:49:00', '2022-12-08', '07:49:00', '0'),
	(96, 77, 'U076', 'image_1670461544.png', '-0.6313177', '100.2678994', 'SMKN 1 LUGED', '6000', '2022-12-08 08:05:44', '2022-12-08', '08:05:44', '0'),
	(97, 7, 'U006', 'image_1670462179.png', '-0.6340033', '100.2719819', 'SMKN 1 LUGED', '6000', '2022-12-08 08:16:19', '2022-12-08', '08:16:19', '0'),
	(98, 7, 'U006', 'image_1670462305.png', '-0.6340038', '100.2719819', 'SMKN 1 LUGED', '6000', '2022-12-08 08:18:25', '2022-12-08', '08:18:25', '0'),
	(99, 24, 'U023', 'image_1670465364.png', '-0.6340841', '100.2722774', 'SMKN 1 LUGED', '6000', '2022-12-08 09:09:24', '2022-12-08', '09:09:24', '0'),
	(100, 4, 'U003', 'image_1670466143.png', '-0.6340147', '100.2720096', 'SMKN 1 LUGED', '6000', '2022-12-08 09:22:23', '2022-12-08', '09:22:23', '0'),
	(101, 4, 'U003', 'image_1670466160.png', '-0.6340147', '100.2720096', 'SMKN 1 LUGED', '6000', '2022-12-08 09:22:40', '2022-12-08', '09:22:40', '0'),
	(102, 12, 'U011', 'image_1670467517.png', '-0.6346492', '100.2719815', 'SMKN 1 LUGED', '6000', '2022-12-08 09:45:17', '2022-12-08', '09:45:17', '0'),
	(103, 80, 'U079', 'image_1670468010.png', '-0.6346708', '100.2719729', 'SMKN 1 LUGED', '6000', '2022-12-08 09:53:30', '2022-12-08', '09:53:30', '0'),
	(104, 2, 'U001', 'image_1670490965.png', '-0.6346476', '100.2719751', 'SMKN 1 LUGED', '6000', '2022-12-08 16:16:05', '2022-12-08', '16:16:05', '0'),
	(105, 33, 'U032', 'image_1670491734.png', '-0.6346537', '100.2719767', 'SMKN 1 LUGED', '6000', '2022-12-08 16:28:54', '2022-12-08', '16:28:54', '0'),
	(106, 21, 'U020', 'image_1670544316.png', '-0.6346438', '100.2719807', 'SMKN 1 LUGED', '6000', '2022-12-09 07:05:16', '2022-12-09', '07:05:16', '0'),
	(107, 18, 'U017', 'image_1670544552.png', '-0.6292612', '100.2759623', 'SMKN 1 LUGED', '6000', '2022-12-09 07:09:12', '2022-12-09', '07:09:12', '0'),
	(108, 3, 'U002', 'image_1670545772.png', '-0.6340885', '100.2722811', 'SMKN 1 LUGED', '6000', '2022-12-09 07:29:32', '2022-12-09', '07:29:32', '0'),
	(109, 5, 'U004', 'image_1670545804.png', '-0.6340839', '100.2722785', 'SMKN 1 LUGED', '6000', '2022-12-09 07:30:04', '2022-12-09', '07:30:04', '0'),
	(110, 11, 'U010', 'image_1670545850.png', '-0.6340868', '100.2722797', 'SMKN 1 LUGED', '6000', '2022-12-09 07:30:50', '2022-12-09', '07:30:50', '0'),
	(111, 28, 'U027', 'image_1670546086.png', '-0.6333596', '100.2671983', 'SMKN 1 LUGED', '6000', '2022-12-09 07:34:46', '2022-12-09', '07:34:46', '0'),
	(112, 8, 'U007', 'image_1670546195.png', '-0.6340833', '100.2722764', 'SMKN 1 LUGED', '6000', '2022-12-09 07:36:35', '2022-12-09', '07:36:35', '0'),
	(113, 4, 'U003', 'image_1670547068.png', '-0.634084', '100.2722773', 'SMKN 1 LUGED', '6000', '2022-12-09 07:51:08', '2022-12-09', '07:51:08', '0'),
	(114, 21, 'U020', 'image_1670547732.png', '-0.6345923', '100.2716729', 'SMKN 1 LUGED', '6000', '2022-12-09 08:02:12', '2022-12-09', '08:02:12', '0'),
	(115, 36, 'U035', 'image_1670547740.png', '-0.6340838', '100.2722789', 'SMKN 1 LUGED', '6000', '2022-12-09 08:02:20', '2022-12-09', '08:02:20', '0'),
	(116, 24, 'U023', 'image_1670547916.png', '-0.6340871', '100.2722759', 'SMKN 1 LUGED', '6000', '2022-12-09 08:05:16', '2022-12-09', '08:05:16', '0'),
	(117, 17, 'U016', 'image_1670548017.png', '-0.6345948', '100.2716847', 'SMKN 1 LUGED', '6000', '2022-12-09 08:06:57', '2022-12-09', '08:06:57', '0'),
	(118, 7, 'U006', 'image_1670548079.png', '-0.6339971', '100.2719746', 'SMKN 1 LUGED', '6000', '2022-12-09 08:07:59', '2022-12-09', '08:07:59', '0'),
	(119, 35, 'U034', 'image_1670548414.png', '-0.6346848', '100.2719693', 'SMKN 1 LUGED', '6000', '2022-12-09 08:13:34', '2022-12-09', '08:13:34', '0'),
	(120, 34, 'U033', 'image_1670548420.png', '-0.6346174', '100.2720851', 'SMKN 1 LUGED', '6000', '2022-12-09 08:13:40', '2022-12-09', '08:13:40', '0'),
	(121, 27, 'U026', 'image_1670548822.png', '-0.6340836', '100.2722773', 'SMKN 1 LUGED', '6000', '2022-12-09 08:20:22', '2022-12-09', '08:20:22', '0'),
	(122, 37, 'U036', 'image_1670548827.png', '-0.6356791', '100.2735083', 'SMKN 1 LUGED', '6000', '2022-12-09 08:20:27', '2022-12-09', '08:20:27', '0'),
	(123, 20, 'U019', 'image_1670549007.png', '-0.6340849', '100.2722778', 'SMKN 1 LUGED', '6000', '2022-12-09 08:23:27', '2022-12-09', '08:23:27', '0'),
	(124, 39, 'U038', 'image_1670549062.png', '-0.6292612', '100.2759623', 'SMKN 1 LUGED', '6000', '2022-12-09 08:24:22', '2022-12-09', '08:24:22', '0'),
	(125, 44, 'U043', 'image_1670550188.png', '-0.6342600807049267', '100.2722313388801', 'SMKN 1 LUGED', '6000', '2022-12-09 08:43:08', '2022-12-09', '08:43:08', '0'),
	(126, 41, 'U040', 'image_1670552423.png', '-0.6340859', '100.2722777', 'SMKN 1 LUGED', '6000', '2022-12-09 09:20:23', '2022-12-09', '09:20:23', '0'),
	(127, 29, 'U028', 'image_1670552594.png', '-0.6340783', '100.2722764', 'SMKN 1 LUGED', '6000', '2022-12-09 09:23:14', '2022-12-09', '09:23:14', '0'),
	(128, 32, 'U031', 'image_1670552712.png', '-0.6340831', '100.272277', 'SMKN 1 LUGED', '6000', '2022-12-09 09:25:12', '2022-12-09', '09:25:12', '0'),
	(129, 16, 'U015', 'image_1670553324.png', '-0.6340845', '100.2722776', 'SMKN 1 LUGED', '6000', '2022-12-09 09:35:24', '2022-12-09', '09:35:24', '0'),
	(130, 42, 'U041', 'image_1670553376.png', '-0.6340842', '100.2722781', 'SMKN 1 LUGED', '6000', '2022-12-09 09:36:16', '2022-12-09', '09:36:16', '0'),
	(131, 43, 'U042', 'image_1670553756.png', '-0.6340836', '100.2722799', 'SMKN 1 LUGED', '6000', '2022-12-09 09:42:36', '2022-12-09', '09:42:36', '0'),
	(132, 42, 'U041', 'image_1670553770.png', '-0.6340834', '100.2722763', 'SMKN 1 LUGED', '6000', '2022-12-09 09:42:50', '2022-12-09', '09:42:50', '0'),
	(133, 29, 'U028', 'image_1670553771.png', '-0.6351766', '100.2721996', 'SMKN 1 LUGED', '6000', '2022-12-09 09:42:51', '2022-12-09', '09:42:51', '0'),
	(134, 42, 'U041', 'image_1670553848.png', '-0.6340834', '100.2722763', 'SMKN 1 LUGED', '6000', '2022-12-09 09:44:08', '2022-12-09', '09:44:08', '0'),
	(135, 42, 'U041', 'image_1670553928.png', '-0.6340832', '100.2722765', 'SMKN 1 LUGED', '6000', '2022-12-09 09:45:28', '2022-12-09', '09:45:28', '0'),
	(136, 16, 'U015', 'image_1670554198.png', '-0.6340316', '100.2722605', 'SMKN 1 LUGED', '6000', '2022-12-09 09:49:58', '2022-12-09', '09:49:58', '0'),
	(137, 2, 'U001', 'image_1670554615.png', '-0.6346444', '100.2719815', 'SMKN 1 LUGED', '6000', '2022-12-09 09:56:55', '2022-12-09', '09:56:55', '0'),
	(138, 25, 'U024', 'image_1670630220.png', '-0.6340807', '100.2722815', 'SMKN 1 LUGED', '6000', '2022-12-10 06:57:00', '2022-12-10', '06:57:00', '0'),
	(139, 39, 'U038', 'image_1670631088.png', '-0.6356791', '100.2735083', 'SMKN 1 LUGED', '6000', '2022-12-10 07:11:28', '2022-12-10', '07:11:28', '0'),
	(140, 8, 'U007', 'image_1670631444.png', '-0.6340831', '100.2722768', 'SMKN 1 LUGED', '6000', '2022-12-10 07:17:24', '2022-12-10', '07:17:24', '0'),
	(141, 9, 'U008', 'image_1670631611.png', '-0.6345269', '100.2718201', 'SMKN 1 LUGED', '6000', '2022-12-10 07:20:11', '2022-12-10', '07:20:11', '0'),
	(142, 18, 'U017', 'image_1670631722.png', '-0.6355533', '100.2726867', 'SMKN 1 LUGED', '6000', '2022-12-10 07:22:02', '2022-12-10', '07:22:02', '0'),
	(143, 36, 'U035', 'image_1670631765.png', '-0.6341749', '100.272201', 'SMKN 1 LUGED', '6000', '2022-12-10 07:22:45', '2022-12-10', '07:22:45', '0'),
	(144, 32, 'U031', 'image_1670631865.png', '-0.6346452', '100.2719793', 'SMKN 1 LUGED', '6000', '2022-12-10 07:24:25', '2022-12-10', '07:24:25', '0'),
	(145, 12, 'U011', 'image_1670632613.png', '-0.6346501', '100.2719815', 'SMKN 1 LUGED', '6000', '2022-12-10 07:36:53', '2022-12-10', '07:36:53', '0'),
	(146, 5, 'U004', 'image_1670632891.png', '-0.6340835', '100.2722763', 'SMKN 1 LUGED', '6000', '2022-12-10 07:41:31', '2022-12-10', '07:41:31', '0'),
	(147, 77, 'U076', 'image_1670633211.png', '-0.634636', '100.271984', 'SMKN 1 LUGED', '6000', '2022-12-10 07:46:51', '2022-12-10', '07:46:51', '0'),
	(148, 34, 'U033', 'image_1670633292.png', '-0.6346468', '100.2721066', 'SMKN 1 LUGED', '6000', '2022-12-10 07:48:12', '2022-12-10', '07:48:12', '0'),
	(149, 35, 'U034', 'image_1670633295.png', '-0.6346865', '100.2719703', 'SMKN 1 LUGED', '6000', '2022-12-10 07:48:15', '2022-12-10', '07:48:15', '0'),
	(150, 33, 'U032', 'image_1670633427.png', '-0.6346454', '100.2719729', 'SMKN 1 LUGED', '6000', '2022-12-10 07:50:27', '2022-12-10', '07:50:27', '0'),
	(151, 29, 'U028', 'image_1670634008.png', '-0.6340801', '100.2722756', 'SMKN 1 LUGED', '6000', '2022-12-10 08:00:08', '2022-12-10', '08:00:08', '0'),
	(152, 10, 'U009', 'image_1670634687.png', '-0.6352173', '100.2723181', 'SMKN 1 LUGED', '6000', '2022-12-10 08:11:27', '2022-12-10', '08:11:27', '0'),
	(153, 28, 'U027', 'image_1670636560.png', '-0.6345488', '100.272032', 'SMKN 1 LUGED', '6000', '2022-12-10 08:42:40', '2022-12-10', '08:42:40', '0'),
	(154, 21, 'U020', 'image_1670639023.png', '-0.6342657', '100.2722651', 'SMKN 1 LUGED', '6000', '2022-12-10 09:23:43', '2022-12-10', '09:23:43', '0'),
	(155, 41, 'U040', 'image_1670804221.png', '-0.6340835', '100.2722772', 'SMKN 1 LUGED', '6000', '2022-12-12 07:17:01', '2022-12-12', '07:17:01', '0'),
	(156, 41, 'U040', 'image_1670804260.png', '-0.6340892', '100.272276', 'SMKN 1 LUGED', '6000', '2022-12-12 07:17:40', '2022-12-12', '07:17:40', '0'),
	(157, 41, 'U040', 'image_1670804453.png', '-0.6340835', '100.2722794', 'SMKN 1 LUGED', '6000', '2022-12-12 07:20:53', '2022-12-12', '07:20:53', '0'),
	(158, 41, 'U040', 'image_1670804558.png', '-0.6340882', '100.2722846', 'SMKN 1 LUGED', '6000', '2022-12-12 07:22:38', '2022-12-12', '07:22:38', '0'),
	(159, 8, 'U007', 'image_1670805219.png', '-0.6340832', '100.2722761', 'SMKN 1 LUGED', '6000', '2022-12-12 07:33:39', '2022-12-12', '07:33:39', '0'),
	(160, 32, 'U031', 'image_1670805661.png', '-0.6340831', '100.272277', 'SMKN 1 LUGED', '6000', '2022-12-12 07:41:01', '2022-12-12', '07:41:01', '0'),
	(161, 5, 'U004', 'image_1670805732.png', '-0.634086', '100.2722754', 'SMKN 1 LUGED', '6000', '2022-12-12 07:42:12', '2022-12-12', '07:42:12', '0'),
	(162, 18, 'U017', 'image_1670805971.png', '-0.6340412', '100.2722369', 'SMKN 1 LUGED', '6000', '2022-12-12 07:46:11', '2022-12-12', '07:46:11', '0'),
	(163, 25, 'U024', 'image_1670806461.png', '-0.6340831', '100.272277', 'SMKN 1 LUGED', '6000', '2022-12-12 07:54:21', '2022-12-12', '07:54:21', '0'),
	(164, 16, 'U015', 'image_1670807560.png', '-0.6340843', '100.2722786', 'SMKN 1 LUGED', '6000', '2022-12-12 08:12:40', '2022-12-12', '08:12:40', '0'),
	(165, 16, 'U015', 'image_1670807622.png', '-0.6340843', '100.2722786', 'SMKN 1 LUGED', '6000', '2022-12-12 08:13:42', '2022-12-12', '08:13:42', '0'),
	(166, 13, 'U012', 'image_1670807709.png', '-0.6340859', '100.2722777', 'SMKN 1 LUGED', '6000', '2022-12-12 08:15:09', '2022-12-12', '08:15:09', '0'),
	(167, 24, 'U023', 'image_1670808066.png', '-0.6340833', '100.2722762', 'SMKN 1 LUGED', '6000', '2022-12-12 08:21:06', '2022-12-12', '08:21:06', '0'),
	(168, 12, 'U011', 'image_1670808308.png', '-0.6346486', '100.2719812', 'SMKN 1 LUGED', '6000', '2022-12-12 08:25:08', '2022-12-12', '08:25:08', '0'),
	(169, 27, 'U026', 'image_1670808451.png', '-0.6461725', '100.2749106', 'SMKN 1 LUGED', '6000', '2022-12-12 08:27:31', '2022-12-12', '08:27:31', '0'),
	(170, 27, 'U026', 'image_1670808482.png', '-0.6351725', '100.2721914', 'SMKN 1 LUGED', '6000', '2022-12-12 08:28:02', '2022-12-12', '08:28:02', '0'),
	(171, 38, 'U037', 'image_1670808678.png', '-0.6346525', '100.2719793', 'SMKN 1 LUGED', '6000', '2022-12-12 08:31:18', '2022-12-12', '08:31:18', '0'),
	(172, 30, 'U029', 'image_1670808805.png', '-0.6340844', '100.2722772', 'SMKN 1 LUGED', '6000', '2022-12-12 08:33:25', '2022-12-12', '08:33:25', '0'),
	(173, 42, 'U041', 'image_1670808987.png', '-0.634084', '100.2722773', 'SMKN 1 LUGED', '6000', '2022-12-12 08:36:27', '2022-12-12', '08:36:27', '0'),
	(174, 15, 'U014', 'image_1670809127.png', '-0.6340854', '100.2722778', 'SMKN 1 LUGED', '6000', '2022-12-12 08:38:47', '2022-12-12', '08:38:47', '0'),
	(175, 17, 'U016', 'image_1670809128.png', '-0.6340833', '100.2722764', 'SMKN 1 LUGED', '6000', '2022-12-12 08:38:48', '2022-12-12', '08:38:48', '0'),
	(176, 20, 'U019', 'image_1670809256.png', '-0.6340849', '100.2722778', 'SMKN 1 LUGED', '6000', '2022-12-12 08:40:56', '2022-12-12', '08:40:56', '0'),
	(177, 44, 'U043', 'image_1670809414.png', '-0.6340851', '100.2722769', 'SMKN 1 LUGED', '6000', '2022-12-12 08:43:34', '2022-12-12', '08:43:34', '0'),
	(178, 7, 'U006', 'image_1670809444.png', '-0.634001', '100.2719918', 'SMKN 1 LUGED', '6000', '2022-12-12 08:44:04', '2022-12-12', '08:44:04', '0'),
	(179, 4, 'U003', 'image_1670810834.png', '-0.6443742', '100.2603591', 'SMKN 1 LUGED', '6000', '2022-12-12 09:07:14', '2022-12-12', '09:07:14', '0'),
	(180, 11, 'U010', 'image_1670811914.png', '-0.6340855', '100.2722767', 'SMKN 1 LUGED', '6000', '2022-12-12 09:25:14', '2022-12-12', '09:25:14', '0'),
	(181, 29, 'U028', 'image_1670811965.png', '-0.6340854', '100.2722778', 'SMKN 1 LUGED', '6000', '2022-12-12 09:26:05', '2022-12-12', '09:26:05', '0'),
	(182, 28, 'U027', 'image_1670812817.png', '-0.6340907', '100.2722753', 'SMKN 1 LUGED', '6000', '2022-12-12 09:40:17', '2022-12-12', '09:40:17', '0'),
	(183, 25, 'U024', 'image_1670833377.png', '-0.6342077', '100.2722548', 'SMKN 1 LUGED', '6000', '2022-12-12 15:22:57', '2022-12-12', '15:22:57', '0'),
	(184, 2, 'U001', 'image_1670890414.png', '-0.6346614', '100.2719924', 'SMKN 1 LUGED', '6000', '2022-12-13 07:13:34', '2022-12-13', '07:13:34', '0'),
	(185, 41, 'U040', 'image_1670890477.png', '-0.6340836', '100.2722773', 'SMKN 1 LUGED', '6000', '2022-12-13 07:14:37', '2022-12-13', '07:14:37', '0'),
	(186, 26, 'U025', 'image_1670891304.png', '-0.634084', '100.2722773', 'SMKN 1 LUGED', '6000', '2022-12-13 07:28:24', '2022-12-13', '07:28:24', '0'),
	(187, 26, 'U025', 'image_1670891425.png', '-0.6340871', '100.2722759', 'SMKN 1 LUGED', '6000', '2022-12-13 07:30:25', '2022-12-13', '07:30:25', '0'),
	(188, 26, 'U025', 'image_1670891563.png', '-0.6340869', '100.2722783', 'SMKN 1 LUGED', '6000', '2022-12-13 07:32:43', '2022-12-13', '07:32:43', '0'),
	(189, 39, 'U038', 'image_1670892626.png', '-0.6340834', '100.2722763', 'SMKN 1 LUGED', '6000', '2022-12-13 07:50:26', '2022-12-13', '07:50:26', '0'),
	(190, 3, 'U002', 'image_1670892853.png', '-0.6342528', '100.272181', 'SMKN 1 LUGED', '6000', '2022-12-13 07:54:13', '2022-12-13', '07:54:13', '0'),
	(191, 13, 'U012', 'image_1670892914.png', '-0.6346509', '100.2719819', 'SMKN 1 LUGED', '6000', '2022-12-13 07:55:14', '2022-12-13', '07:55:14', '0'),
	(192, 12, 'U011', 'image_1670892954.png', '-0.6346484', '100.2719814', 'SMKN 1 LUGED', '6000', '2022-12-13 07:55:54', '2022-12-13', '07:55:54', '0'),
	(193, 38, 'U037', 'image_1670893149.png', '-0.6346498', '100.2719815', 'SMKN 1 LUGED', '6000', '2022-12-13 07:59:09', '2022-12-13', '07:59:09', '0'),
	(194, 32, 'U031', 'image_1670893633.png', '-0.6340831', '100.2722768', 'SMKN 1 LUGED', '6000', '2022-12-13 08:07:13', '2022-12-13', '08:07:13', '0'),
	(195, 17, 'U016', 'image_1670893782.png', '-0.6340831', '100.2722759', 'SMKN 1 LUGED', '6000', '2022-12-13 08:09:42', '2022-12-13', '08:09:42', '0'),
	(196, 17, 'U016', 'image_1670893857.png', '-0.6340831', '100.2722769', 'SMKN 1 LUGED', '6000', '2022-12-13 08:10:57', '2022-12-13', '08:10:57', '0'),
	(197, 18, 'U017', 'image_1670894072.png', '-0.6340831', '100.2722769', 'SMKN 1 LUGED', '6000', '2022-12-13 08:14:32', '2022-12-13', '08:14:32', '0'),
	(198, 16, 'U015', 'image_1670894594.png', '-0.6346486', '100.2719814', 'SMKN 1 LUGED', '6000', '2022-12-13 08:23:14', '2022-12-13', '08:23:14', '0'),
	(199, 15, 'U014', 'image_1670894793.png', '-0.6340836', '100.2722773', 'SMKN 1 LUGED', '6000', '2022-12-13 08:26:33', '2022-12-13', '08:26:33', '0'),
	(200, 20, 'U019', 'image_1670894920.png', '-0.6340865', '100.2722775', 'SMKN 1 LUGED', '6000', '2022-12-13 08:28:40', '2022-12-13', '08:28:40', '0'),
	(201, 30, 'U029', 'image_1670895040.png', '-0.6340849', '100.2722778', 'SMKN 1 LUGED', '6000', '2022-12-13 08:30:40', '2022-12-13', '08:30:40', '0'),
	(202, 29, 'U028', 'image_1670895342.png', '-0.6340854', '100.2722778', 'SMKN 1 LUGED', '6000', '2022-12-13 08:35:42', '2022-12-13', '08:35:42', '0'),
	(203, 7, 'U006', 'image_1670895899.png', '-0.6340038', '100.2719819', 'SMKN 1 LUGED', '6000', '2022-12-13 08:44:59', '2022-12-13', '08:44:59', '0'),
	(204, 7, 'U006', 'image_1670895976.png', '-0.6340038', '100.2719819', 'SMKN 1 LUGED', '6000', '2022-12-13 08:46:16', '2022-12-13', '08:46:16', '0'),
	(205, 21, 'U020', 'image_1670896041.png', '-0.6340063', '100.2720012', 'SMKN 1 LUGED', '6000', '2022-12-13 08:47:21', '2022-12-13', '08:47:21', '0'),
	(206, 7, 'U006', 'image_1670896100.png', '-0.6340027', '100.2719813', 'SMKN 1 LUGED', '6000', '2022-12-13 08:48:20', '2022-12-13', '08:48:20', '0'),
	(207, 28, 'U027', 'image_1670896129.png', '-0.6342121', '100.2722652', 'SMKN 1 LUGED', '6000', '2022-12-13 08:48:49', '2022-12-13', '08:48:49', '0'),
	(208, 21, 'U020', 'image_1670896189.png', '-0.6340048', '100.2719816', 'SMKN 1 LUGED', '6000', '2022-12-13 08:49:49', '2022-12-13', '08:49:49', '0'),
	(209, 14, 'U013', 'image_1670896193.png', '-0.6346486', '100.2719814', 'SMKN 1 LUGED', '6000', '2022-12-13 08:49:53', '2022-12-13', '08:49:53', '0'),
	(210, 21, 'U020', 'image_1670896255.png', '-0.6340019', '100.2719808', 'SMKN 1 LUGED', '6000', '2022-12-13 08:50:55', '2022-12-13', '08:50:55', '0'),
	(211, 21, 'U020', 'image_1670896342.png', '-0.6340019', '100.2719807', 'SMKN 1 LUGED', '6000', '2022-12-13 08:52:22', '2022-12-13', '08:52:22', '0'),
	(212, 21, 'U020', 'image_1670896416.png', '-0.6339984', '100.2719878', 'SMKN 1 LUGED', '6000', '2022-12-13 08:53:36', '2022-12-13', '08:53:36', '0'),
	(213, 21, 'U020', 'image_1670896566.png', '-0.6340019', '100.2719804', 'SMKN 1 LUGED', '6000', '2022-12-13 08:56:06', '2022-12-13', '08:56:06', '0'),
	(214, 14, 'U013', 'image_1670896830.png', '-0.6340466666666666', '100.27226666666665', 'SMKN 1 LUGED', '6000', '2022-12-13 09:00:30', '2022-12-13', '09:00:30', '0'),
	(215, 36, 'U035', 'image_1670897005.png', '-0.6340791', '100.2722768', 'SMKN 1 LUGED', '6000', '2022-12-13 09:03:25', '2022-12-13', '09:03:25', '0'),
	(216, 14, 'U013', 'image_1670897023.png', '-0.6339933333333333', '100.27231666666667', 'SMKN 1 LUGED', '6000', '2022-12-13 09:03:43', '2022-12-13', '09:03:43', '0'),
	(217, 25, 'U024', 'image_1670897545.png', '-0.6340687', '100.2722368', 'SMKN 1 LUGED', '6000', '2022-12-13 09:12:25', '2022-12-13', '09:12:25', '0'),
	(218, 8, 'U007', 'image_1670897925.png', '-0.6340834', '100.2722763', 'SMKN 1 LUGED', '6000', '2022-12-13 09:18:45', '2022-12-13', '09:18:45', '0'),
	(219, 15, 'U014', 'image_1670897926.png', '-0.6340835', '100.2722772', 'SMKN 1 LUGED', '6000', '2022-12-13 09:18:46', '2022-12-13', '09:18:46', '0'),
	(220, 15, 'U014', 'image_1670898106.png', '-0.634086', '100.2722771', 'SMKN 1 LUGED', '6000', '2022-12-13 09:21:46', '2022-12-13', '09:21:46', '0'),
	(221, 15, 'U014', 'image_1670898167.png', '-0.6340855', '100.2722767', 'SMKN 1 LUGED', '6000', '2022-12-13 09:22:47', '2022-12-13', '09:22:47', '0'),
	(222, 15, 'U014', 'image_1670898221.png', '-0.6340831', '100.2722766', 'SMKN 1 LUGED', '6000', '2022-12-13 09:23:41', '2022-12-13', '09:23:41', '0'),
	(223, 5, 'U004', 'image_1670898316.png', '-0.6340833', '100.2722772', 'SMKN 1 LUGED', '6000', '2022-12-13 09:25:16', '2022-12-13', '09:25:16', '0'),
	(224, 5, 'U004', 'image_1670898334.png', '-0.6340833', '100.2722772', 'SMKN 1 LUGED', '6000', '2022-12-13 09:25:34', '2022-12-13', '09:25:34', '0'),
	(225, 43, 'U042', 'image_1670898487.png', '-0.6340835', '100.2722772', 'SMKN 1 LUGED', '6000', '2022-12-13 09:28:07', '2022-12-13', '09:28:07', '0'),
	(226, 40, 'U039', 'image_1670898542.png', '-0.6340855', '100.2722767', 'SMKN 1 LUGED', '6000', '2022-12-13 09:29:02', '2022-12-13', '09:29:02', '0'),
	(227, 31, 'U030', 'image_1670898709.png', '-0.6340833', '100.2722772', 'SMKN 1 LUGED', '6000', '2022-12-13 09:31:49', '2022-12-13', '09:31:49', '0'),
	(228, 44, 'U043', 'image_1670898910.png', '-0.6340894', '100.2722764', 'SMKN 1 LUGED', '6000', '2022-12-13 09:35:10', '2022-12-13', '09:35:10', '0'),
	(229, 4, 'U003', 'image_1670899006.png', '-0.6340827', '100.2722798', 'SMKN 1 LUGED', '6000', '2022-12-13 09:36:46', '2022-12-13', '09:36:46', '0'),
	(230, 2, 'U001', 'image_1670977315.png', '-0.6346488', '100.2719812', 'SMKN 1 LUGED', '6000', '2022-12-14 07:21:55', '2022-12-14', '07:21:55', '0'),
	(231, 26, 'U025', 'image_1670979230.png', '-0.6316756', '100.2346037', 'SMKN 1 LUGED', '6000', '2022-12-14 07:53:50', '2022-12-14', '07:53:50', '0'),
	(232, 14, 'U013', 'image_1670980170.png', '-0.6340832', '100.2722761', 'SMKN 1 LUGED', '6000', '2022-12-14 08:09:30', '2022-12-14', '08:09:30', '0'),
	(233, 14, 'U013', 'image_1670980333.png', '-0.6340859', '100.2722753', 'SMKN 1 LUGED', '6000', '2022-12-14 08:12:13', '2022-12-14', '08:12:13', '0'),
	(234, 38, 'U037', 'image_1670980802.png', '-0.6346732', '100.2719708', 'SMKN 1 LUGED', '6000', '2022-12-14 08:20:02', '2022-12-14', '08:20:02', '0'),
	(235, 16, 'U015', 'image_1670982039.png', '-0.6346666', '100.2719742', 'SMKN 1 LUGED', '6000', '2022-12-14 08:40:39', '2022-12-14', '08:40:39', '0'),
	(236, 3, 'U002', 'image_1670982851.png', '-0.6340859', '100.2722777', 'SMKN 1 LUGED', '6000', '2022-12-14 08:54:11', '2022-12-14', '08:54:11', '0'),
	(237, 39, 'U038', 'image_1670982912.png', '-0.6340831', '100.2722759', 'SMKN 1 LUGED', '6000', '2022-12-14 08:55:12', '2022-12-14', '08:55:12', '0'),
	(238, 27, 'U026', 'image_1670983271.png', '-0.6374226', '100.2763129', 'SMKN 1 LUGED', '6000', '2022-12-14 09:01:11', '2022-12-14', '09:01:11', '0'),
	(239, 28, 'U027', 'image_1670983875.png', '-0.6340835', '100.2722772', 'SMKN 1 LUGED', '6000', '2022-12-14 09:11:15', '2022-12-14', '09:11:15', '0'),
	(240, 11, 'U010', 'image_1670983899.png', '-0.6340871', '100.2722752', 'SMKN 1 LUGED', '6000', '2022-12-14 09:11:39', '2022-12-14', '09:11:39', '0'),
	(241, 18, 'U017', 'image_1670983949.png', '-0.6352222', '100.2723115', 'SMKN 1 LUGED', '6000', '2022-12-14 09:12:29', '2022-12-14', '09:12:29', '0'),
	(242, 24, 'U023', 'image_1670984160.png', '-0.6340834', '100.2722763', 'SMKN 1 LUGED', '6000', '2022-12-14 09:16:00', '2022-12-14', '09:16:00', '0'),
	(243, 4, 'U003', 'image_1670984469.png', '-0.6449174', '100.2502924', 'SMKN 1 LUGED', '6000', '2022-12-14 09:21:09', '2022-12-14', '09:21:09', '0'),
	(244, 44, 'U043', 'image_1670986240.png', '-0.6346489', '100.2719812', 'SMKN 1 LUGED', '6000', '2022-12-14 09:50:40', '2022-12-14', '09:50:40', '0'),
	(245, 15, 'U014', 'image_1670986244.png', '-0.6346714', '100.2719693', 'SMKN 1 LUGED', '6000', '2022-12-14 09:50:44', '2022-12-14', '09:50:44', '0'),
	(246, 12, 'U011', 'image_1671007355.png', '-0.6346498', '100.2719815', 'SMKN 1 LUGED', '6000', '2022-12-14 15:42:35', '2022-12-14', '15:42:35', '0'),
	(247, 2, 'U001', 'image_1671013163.png', '-0.6344066', '100.2721351', 'SMKN 1 LUGED', '6000', '2022-12-14 17:19:23', '2022-12-14', '17:19:23', '0'),
	(248, 25, 'U024', 'image_1671152807.png', '-0.634104', '100.2722693', 'SMKN 1 LUGED', '6000', '2022-12-16 08:06:47', '2022-12-16', '08:06:47', '0'),
	(249, 2, 'U001', 'image_1671153909.png', '-0.6341043', '100.2722645', 'SMKN 1 LUGED', '6000', '2022-12-16 08:25:09', '2022-12-16', '08:25:09', '0'),
	(250, 7, 'U006', 'image_1671154384.png', '-0.6340219', '100.2719929', 'SMKN 1 LUGED', '6000', '2022-12-16 08:33:04', '2022-12-16', '08:33:04', '0'),
	(251, 32, 'U031', 'image_1671155729.png', '-0.6341031', '100.2722668', 'SMKN 1 LUGED', '6000', '2022-12-16 08:55:29', '2022-12-16', '08:55:29', '0'),
	(252, 2, 'U001', 'image_1671188122.png', '-0.6341552', '100.2722722', 'SMKN 1 LUGED', '6000', '2022-12-16 17:55:22', '2022-12-16', '17:55:22', '0'),
	(253, 41, 'U040', 'image_1671235831.png', '-0.6340116', '100.2720429', 'SMKN 1 LUGED', '6000', '2022-12-17 07:10:31', '2022-12-17', '07:10:31', '0'),
	(254, 12, 'U011', 'image_1671240661.png', '-0.634649', '100.2719593', 'SMKN 1 LUGED', '6000', '2022-12-17 08:31:01', '2022-12-17', '08:31:01', '0'),
	(255, 2, 'U001', 'image_1671241011.png', '-0.6346488', '100.2719592', 'SMKN 1 LUGED', '6000', '2022-12-17 08:36:51', '2022-12-17', '08:36:51', '0'),
	(256, 28, 'U027', 'image_1671244175.png', '-0.6341018', '100.2722662', 'SMKN 1 LUGED', '6000', '2022-12-17 09:29:35', '2022-12-17', '09:29:35', '0'),
	(257, 29, 'U028', 'image_1671244239.png', '-0.6341018', '100.2722662', 'SMKN 1 LUGED', '6000', '2022-12-17 09:30:39', '2022-12-17', '09:30:39', '0'),
	(258, 29, 'U028', 'image_1671244784.png', '-0.6341054', '100.2722637', 'SMKN 1 LUGED', '6000', '2022-12-17 09:39:44', '2022-12-17', '09:39:44', '0'),
	(259, 4, 'U003', 'image_1671245341.png', '-0.6340207', '100.2719909', 'SMKN 1 LUGED', '6000', '2022-12-17 09:49:01', '2022-12-17', '09:49:01', '0'),
	(260, 1, 'niozone', 'image_1671326909.png', '', '', 'SMKN 1 LUGED', '6000', '2022-12-18 08:28:29', '2022-12-18', '08:28:29', '0'),
	(261, 1, 'niozone', 'image_1671326971.png', '', '', 'SMKN 1 LUGED', '6000', '2022-12-18 08:29:31', '2022-12-18', '08:29:31', '0');
/*!40000 ALTER TABLE `absen_pns` ENABLE KEYS */;

-- Dumping structure for table presensi.absen_siswa
CREATE TABLE IF NOT EXISTS `absen_siswa` (
  `id` int(11) NOT NULL AUTO_INCREMENT,
  `id_siswa` int(11) DEFAULT NULL,
  `username` varchar(50) DEFAULT NULL,
  `id_jadwal` int(11) DEFAULT NULL,
  `hari` varchar(50) DEFAULT NULL,
  `kelas` varchar(50) DEFAULT NULL,
  `pelajaran` varchar(50) DEFAULT NULL,
  `pengajar` varchar(50) DEFAULT NULL,
  `tanggal` date DEFAULT NULL,
  `jam_mulai` time DEFAULT NULL,
  `jam_akhir` time DEFAULT NULL,
  `status` varchar(50) DEFAULT NULL,
  `verified` varchar(50) DEFAULT NULL,
  `date_verified` datetime DEFAULT NULL,
  `deleted` char(1) DEFAULT '0',
  PRIMARY KEY (`id`)
) ENGINE=InnoDB AUTO_INCREMENT=29 DEFAULT CHARSET=latin1;

-- Dumping data for table presensi.absen_siswa: ~28 rows (approximately)
/*!40000 ALTER TABLE `absen_siswa` DISABLE KEYS */;
INSERT INTO `absen_siswa` (`id`, `id_siswa`, `username`, `id_jadwal`, `hari`, `kelas`, `pelajaran`, `pengajar`, `tanggal`, `jam_mulai`, `jam_akhir`, `status`, `verified`, `date_verified`, `deleted`) VALUES
	(1, 2, 'mahone', 4, 'Kamis', '2', '6', '19', '2022-10-20', '07:30:00', '09:30:00', 'H', '1', '2022-10-22 19:32:05', '0'),
	(2, 6, 'ronaldo', 4, 'Kamis', '2', '6', '19', '2022-10-20', '07:30:00', '09:30:00', 'H', '1', '2022-10-22 19:32:05', '0'),
	(3, 7, 'messi', 4, 'Kamis', '2', '6', '19', '2022-10-20', '07:30:00', '09:30:00', 'H', '1', '2022-10-22 19:32:05', '0'),
	(4, 8, 'lewandowski', 4, 'Kamis', '2', '6', '19', '2022-10-20', '07:30:00', '09:30:00', 'H', '1', '2022-10-22 19:32:05', '0'),
	(5, 2, 'mahone', 5, 'Kamis', '2', '1', '2', '2022-10-20', '09:55:00', '11:15:00', 'H', '1', '2022-10-22 19:41:50', '0'),
	(6, 6, 'ronaldo', 5, 'Kamis', '2', '1', '2', '2022-10-20', '09:55:00', '11:15:00', 'S', '1', '2022-10-22 19:41:50', '0'),
	(7, 7, 'messi', 5, 'Kamis', '2', '1', '2', '2022-10-20', '09:55:00', '11:15:00', 'H', '1', '2022-10-22 19:41:50', '0'),
	(8, 8, 'lewandowski', 5, 'Kamis', '2', '1', '2', '2022-10-20', '09:55:00', '11:15:00', 'H', '1', '2022-10-22 19:41:50', '0'),
	(9, 2, 'mahone', 9, 'Kamis', '2', '13', '31', '2022-10-20', '11:15:00', '12:35:00', 'H', '1', '2022-10-22 19:42:12', '0'),
	(10, 6, 'ronaldo', 9, 'Kamis', '2', '13', '31', '2022-10-20', '11:15:00', '12:35:00', 'H', '1', '2022-10-22 19:42:12', '0'),
	(11, 7, 'messi', 9, 'Kamis', '2', '13', '31', '2022-10-20', '11:15:00', '12:35:00', 'H', '1', '2022-10-22 19:42:12', '0'),
	(12, 8, 'lewandowski', 9, 'Kamis', '2', '13', '31', '2022-10-20', '11:15:00', '12:35:00', 'H', '1', '2022-10-22 19:42:12', '0'),
	(13, 2, 'mahone', 7, 'Kamis', '2', '11', '26', '2022-10-20', '13:05:00', '14:25:00', 'H', '1', '2022-10-22 19:42:49', '0'),
	(14, 6, 'ronaldo', 7, 'Kamis', '2', '11', '26', '2022-10-20', '13:05:00', '14:25:00', 'S', '1', '2022-10-22 19:42:49', '0'),
	(15, 7, 'messi', 7, 'Kamis', '2', '11', '26', '2022-10-20', '13:05:00', '14:25:00', 'A', '1', '2022-10-22 19:42:49', '0'),
	(16, 8, 'lewandowski', 7, 'Kamis', '2', '11', '26', '2022-10-20', '13:05:00', '14:25:00', 'H', '1', '2022-10-22 19:42:49', '0'),
	(17, 2, 'mahone', 8, 'Kamis', '2', '22', '13', '2022-10-20', '14:25:00', '15:45:00', 'H', '1', '2022-10-22 20:22:03', '0'),
	(18, 6, 'ronaldo', 8, 'Kamis', '2', '22', '13', '2022-10-20', '14:25:00', '15:45:00', 'H', '1', '2022-10-22 20:22:03', '0'),
	(19, 7, 'messi', 8, 'Kamis', '2', '22', '13', '2022-10-20', '14:25:00', '15:45:00', 'H', '1', '2022-10-22 20:22:03', '0'),
	(20, 8, 'lewandowski', 8, 'Kamis', '2', '22', '13', '2022-10-20', '14:25:00', '15:45:00', 'H', '1', '2022-10-22 20:22:03', '0'),
	(21, 1, 'angga', 6, 'Kamis', '1', '4', '11', '2022-10-20', '11:15:00', '12:35:00', 'H', '1', '2022-10-23 05:43:10', '0'),
	(22, 3, 'cintia', 6, 'Kamis', '1', '4', '11', '2022-10-20', '11:15:00', '12:35:00', 'H', '1', '2022-10-23 05:43:10', '0'),
	(23, 5, 'abil', 6, 'Kamis', '1', '4', '11', '2022-10-20', '11:15:00', '12:35:00', 'H', '1', '2022-10-23 05:43:10', '0'),
	(24, 2, 'mahone', 10, 'Jumat', '2', '23', '2', '2022-11-11', '10:00:00', '12:00:00', 'H', '2', '2022-11-11 10:57:22', '0'),
	(25, 6, 'ronaldo', 10, 'Jumat', '2', '23', '2', '2022-11-11', '10:00:00', '12:00:00', 'H', '2', '2022-11-11 10:57:22', '0'),
	(26, 7, 'messi', 10, 'Jumat', '2', '23', '2', '2022-11-11', '10:00:00', '12:00:00', 'S', '2', '2022-11-11 10:57:22', '0'),
	(27, 8, 'lewandowski', 10, 'Jumat', '2', '23', '2', '2022-11-11', '10:00:00', '12:00:00', 'A', '2', '2022-11-11 10:57:22', '0'),
	(28, 9, 'mika', 88, 'Senin', '2', '1', '41', '2022-12-05', '08:15:00', '09:45:00', 'H', '41', '2022-12-05 17:50:50', '0');
/*!40000 ALTER TABLE `absen_siswa` ENABLE KEYS */;

-- Dumping structure for table presensi.absen_siswa2
CREATE TABLE IF NOT EXISTS `absen_siswa2` (
  `id` int(11) NOT NULL AUTO_INCREMENT,
  `id_siswa` int(11) DEFAULT NULL,
  `username` varchar(50) DEFAULT NULL,
  `id_jadwal` int(11) DEFAULT NULL,
  `hari` varchar(50) DEFAULT NULL,
  `kelas` varchar(50) DEFAULT NULL,
  `pelajaran` varchar(50) DEFAULT NULL,
  `pengajar` varchar(50) DEFAULT NULL,
  `tanggal` date DEFAULT NULL,
  `jam_mulai` time DEFAULT NULL,
  `jam_akhir` time DEFAULT NULL,
  `status` varchar(50) DEFAULT NULL,
  `verified` varchar(50) DEFAULT NULL,
  `date_verified` datetime DEFAULT NULL,
  `deleted` char(1) DEFAULT '0',
  PRIMARY KEY (`id`)
) ENGINE=InnoDB AUTO_INCREMENT=61 DEFAULT CHARSET=latin1;

-- Dumping data for table presensi.absen_siswa2: ~60 rows (approximately)
/*!40000 ALTER TABLE `absen_siswa2` DISABLE KEYS */;
INSERT INTO `absen_siswa2` (`id`, `id_siswa`, `username`, `id_jadwal`, `hari`, `kelas`, `pelajaran`, `pengajar`, `tanggal`, `jam_mulai`, `jam_akhir`, `status`, `verified`, `date_verified`, `deleted`) VALUES
	(1, 2, 'mahone', 4, 'Kamis', '2', '6', '19', '2022-10-20', '07:30:00', '08:10:00', 'H', '1', '2022-10-22 19:32:05', '0'),
	(2, 2, 'mahone', 4, 'Kamis', '2', '6', '19', '2022-10-20', '08:10:00', '08:50:00', 'H', '1', '2022-10-22 19:32:05', '0'),
	(3, 2, 'mahone', 4, 'Kamis', '2', '6', '19', '2022-10-20', '08:50:00', '09:30:00', 'H', '1', '2022-10-22 19:32:05', '0'),
	(4, 6, 'ronaldo', 4, 'Kamis', '2', '6', '19', '2022-10-20', '07:30:00', '08:10:00', 'H', '1', '2022-10-22 19:32:05', '0'),
	(5, 6, 'ronaldo', 4, 'Kamis', '2', '6', '19', '2022-10-20', '08:10:00', '08:50:00', 'H', '1', '2022-10-22 19:32:05', '0'),
	(6, 6, 'ronaldo', 4, 'Kamis', '2', '6', '19', '2022-10-20', '08:50:00', '09:30:00', 'H', '1', '2022-10-22 19:32:05', '0'),
	(7, 7, 'messi', 4, 'Kamis', '2', '6', '19', '2022-10-20', '07:30:00', '08:10:00', 'H', '1', '2022-10-22 19:32:05', '0'),
	(8, 7, 'messi', 4, 'Kamis', '2', '6', '19', '2022-10-20', '08:10:00', '08:50:00', 'H', '1', '2022-10-22 19:32:05', '0'),
	(9, 7, 'messi', 4, 'Kamis', '2', '6', '19', '2022-10-20', '08:50:00', '09:30:00', 'H', '1', '2022-10-22 19:32:05', '0'),
	(10, 8, 'lewandowski', 4, 'Kamis', '2', '6', '19', '2022-10-20', '07:30:00', '08:10:00', 'H', '1', '2022-10-22 19:32:05', '0'),
	(11, 8, 'lewandowski', 4, 'Kamis', '2', '6', '19', '2022-10-20', '08:10:00', '08:50:00', 'H', '1', '2022-10-22 19:32:05', '0'),
	(12, 8, 'lewandowski', 4, 'Kamis', '2', '6', '19', '2022-10-20', '08:50:00', '09:30:00', 'H', '1', '2022-10-22 19:32:05', '0'),
	(13, 2, 'mahone', 5, 'Kamis', '2', '1', '2', '2022-10-20', '09:55:00', '10:35:00', 'H', '1', '2022-10-22 19:41:50', '0'),
	(14, 2, 'mahone', 5, 'Kamis', '2', '1', '2', '2022-10-20', '10:35:00', '11:15:00', 'H', '1', '2022-10-22 19:41:50', '0'),
	(15, 6, 'ronaldo', 5, 'Kamis', '2', '1', '2', '2022-10-20', '09:55:00', '10:35:00', 'S', '1', '2022-10-22 19:41:50', '0'),
	(16, 6, 'ronaldo', 5, 'Kamis', '2', '1', '2', '2022-10-20', '10:35:00', '11:15:00', 'S', '1', '2022-10-22 19:41:50', '0'),
	(17, 7, 'messi', 5, 'Kamis', '2', '1', '2', '2022-10-20', '09:55:00', '10:35:00', 'H', '1', '2022-10-22 19:41:50', '0'),
	(18, 7, 'messi', 5, 'Kamis', '2', '1', '2', '2022-10-20', '10:35:00', '11:15:00', 'H', '1', '2022-10-22 19:41:50', '0'),
	(19, 8, 'lewandowski', 5, 'Kamis', '2', '1', '2', '2022-10-20', '09:55:00', '10:35:00', 'H', '1', '2022-10-22 19:41:50', '0'),
	(20, 8, 'lewandowski', 5, 'Kamis', '2', '1', '2', '2022-10-20', '10:35:00', '11:15:00', 'H', '1', '2022-10-22 19:41:50', '0'),
	(21, 2, 'mahone', 9, 'Kamis', '2', '13', '31', '2022-10-20', '11:15:00', '11:55:00', 'H', '1', '2022-10-22 19:42:12', '0'),
	(22, 2, 'mahone', 9, 'Kamis', '2', '13', '31', '2022-10-20', '11:55:00', '12:35:00', 'H', '1', '2022-10-22 19:42:12', '0'),
	(23, 6, 'ronaldo', 9, 'Kamis', '2', '13', '31', '2022-10-20', '11:15:00', '11:55:00', 'H', '1', '2022-10-22 19:42:12', '0'),
	(24, 6, 'ronaldo', 9, 'Kamis', '2', '13', '31', '2022-10-20', '11:55:00', '12:35:00', 'H', '1', '2022-10-22 19:42:12', '0'),
	(25, 7, 'messi', 9, 'Kamis', '2', '13', '31', '2022-10-20', '11:15:00', '11:55:00', 'H', '1', '2022-10-22 19:42:12', '0'),
	(26, 7, 'messi', 9, 'Kamis', '2', '13', '31', '2022-10-20', '11:55:00', '12:35:00', 'H', '1', '2022-10-22 19:42:12', '0'),
	(27, 8, 'lewandowski', 9, 'Kamis', '2', '13', '31', '2022-10-20', '11:15:00', '11:55:00', 'H', '1', '2022-10-22 19:42:12', '0'),
	(28, 8, 'lewandowski', 9, 'Kamis', '2', '13', '31', '2022-10-20', '11:55:00', '12:35:00', 'H', '1', '2022-10-22 19:42:12', '0'),
	(29, 2, 'mahone', 7, 'Kamis', '2', '11', '26', '2022-10-20', '13:05:00', '13:45:00', 'H', '1', '2022-10-22 19:42:49', '0'),
	(30, 2, 'mahone', 7, 'Kamis', '2', '11', '26', '2022-10-20', '13:45:00', '14:25:00', 'H', '1', '2022-10-22 19:42:49', '0'),
	(31, 6, 'ronaldo', 7, 'Kamis', '2', '11', '26', '2022-10-20', '13:05:00', '13:45:00', 'S', '1', '2022-10-22 19:42:49', '0'),
	(32, 6, 'ronaldo', 7, 'Kamis', '2', '11', '26', '2022-10-20', '13:45:00', '14:25:00', 'S', '1', '2022-10-22 19:42:49', '0'),
	(33, 7, 'messi', 7, 'Kamis', '2', '11', '26', '2022-10-20', '13:05:00', '13:45:00', 'A', '1', '2022-10-22 19:42:49', '0'),
	(34, 7, 'messi', 7, 'Kamis', '2', '11', '26', '2022-10-20', '13:45:00', '14:25:00', 'A', '1', '2022-10-22 19:42:49', '0'),
	(35, 8, 'lewandowski', 7, 'Kamis', '2', '11', '26', '2022-10-20', '13:05:00', '13:45:00', 'H', '1', '2022-10-22 19:42:49', '0'),
	(36, 8, 'lewandowski', 7, 'Kamis', '2', '11', '26', '2022-10-20', '13:45:00', '14:25:00', 'H', '1', '2022-10-22 19:42:49', '0'),
	(37, 2, 'mahone', 8, 'Kamis', '2', '22', '13', '2022-10-20', '14:25:00', '15:05:00', 'H', '1', '2022-10-22 20:22:03', '0'),
	(38, 2, 'mahone', 8, 'Kamis', '2', '22', '13', '2022-10-20', '15:05:00', '15:45:00', 'H', '1', '2022-10-22 20:22:03', '0'),
	(39, 6, 'ronaldo', 8, 'Kamis', '2', '22', '13', '2022-10-20', '14:25:00', '15:05:00', 'H', '1', '2022-10-22 20:22:03', '0'),
	(40, 6, 'ronaldo', 8, 'Kamis', '2', '22', '13', '2022-10-20', '15:05:00', '15:45:00', 'H', '1', '2022-10-22 20:22:03', '0'),
	(41, 7, 'messi', 8, 'Kamis', '2', '22', '13', '2022-10-20', '14:25:00', '15:05:00', 'H', '1', '2022-10-22 20:22:03', '0'),
	(42, 7, 'messi', 8, 'Kamis', '2', '22', '13', '2022-10-20', '15:05:00', '15:45:00', 'H', '1', '2022-10-22 20:22:03', '0'),
	(43, 8, 'lewandowski', 8, 'Kamis', '2', '22', '13', '2022-10-20', '14:25:00', '15:05:00', 'H', '1', '2022-10-22 20:22:03', '0'),
	(44, 8, 'lewandowski', 8, 'Kamis', '2', '22', '13', '2022-10-20', '15:05:00', '15:45:00', 'H', '1', '2022-10-22 20:22:04', '0'),
	(45, 1, 'angga', 6, 'Kamis', '1', '4', '11', '2022-10-20', '11:15:00', '11:55:00', 'H', '1', '2022-10-23 05:43:10', '0'),
	(46, 1, 'angga', 6, 'Kamis', '1', '4', '11', '2022-10-20', '11:55:00', '12:35:00', 'H', '1', '2022-10-23 05:43:10', '0'),
	(47, 3, 'cintia', 6, 'Kamis', '1', '4', '11', '2022-10-20', '11:15:00', '11:55:00', 'H', '1', '2022-10-23 05:43:10', '0'),
	(48, 3, 'cintia', 6, 'Kamis', '1', '4', '11', '2022-10-20', '11:55:00', '12:35:00', 'H', '1', '2022-10-23 05:43:10', '0'),
	(49, 5, 'abil', 6, 'Kamis', '1', '4', '11', '2022-10-20', '11:15:00', '11:55:00', 'H', '1', '2022-10-23 05:43:10', '0'),
	(50, 5, 'abil', 6, 'Kamis', '1', '4', '11', '2022-10-20', '11:55:00', '12:35:00', 'H', '1', '2022-10-23 05:43:10', '0'),
	(51, 2, 'mahone', 10, 'Jumat', '2', '23', '2', '2022-11-11', '10:00:00', '10:40:00', 'H', '2', '2022-11-11 10:57:22', '0'),
	(52, 2, 'mahone', 10, 'Jumat', '2', '23', '2', '2022-11-11', '10:40:00', '11:20:00', 'H', '2', '2022-11-11 10:57:22', '0'),
	(53, 6, 'ronaldo', 10, 'Jumat', '2', '23', '2', '2022-11-11', '10:00:00', '10:40:00', 'H', '2', '2022-11-11 10:57:22', '0'),
	(54, 6, 'ronaldo', 10, 'Jumat', '2', '23', '2', '2022-11-11', '10:40:00', '11:20:00', 'H', '2', '2022-11-11 10:57:22', '0'),
	(55, 7, 'messi', 10, 'Jumat', '2', '23', '2', '2022-11-11', '10:00:00', '10:40:00', 'S', '2', '2022-11-11 10:57:22', '0'),
	(56, 7, 'messi', 10, 'Jumat', '2', '23', '2', '2022-11-11', '10:40:00', '11:20:00', 'S', '2', '2022-11-11 10:57:22', '0'),
	(57, 8, 'lewandowski', 10, 'Jumat', '2', '23', '2', '2022-11-11', '10:00:00', '10:40:00', 'A', '2', '2022-11-11 10:57:22', '0'),
	(58, 8, 'lewandowski', 10, 'Jumat', '2', '23', '2', '2022-11-11', '10:40:00', '11:20:00', 'A', '2', '2022-11-11 10:57:22', '0'),
	(59, 9, 'mika', 88, 'Senin', '2', '1', '41', '2022-12-05', '08:15:00', '08:55:00', 'H', '41', '2022-12-05 17:50:50', '0'),
	(60, 9, 'mika', 88, 'Senin', '2', '1', '41', '2022-12-05', '08:55:00', '09:35:00', 'H', '41', '2022-12-05 17:50:50', '0');
/*!40000 ALTER TABLE `absen_siswa2` ENABLE KEYS */;

-- Dumping structure for table presensi.ci_sessions
CREATE TABLE IF NOT EXISTS `ci_sessions` (
  `id` varchar(255) NOT NULL,
  `ip_address` varchar(50) NOT NULL,
  `timestamp` int(10) unsigned NOT NULL DEFAULT '0',
  `data` blob NOT NULL,
  KEY `timestamp` (`timestamp`)
) ENGINE=InnoDB DEFAULT CHARSET=latin1;

-- Dumping data for table presensi.ci_sessions: ~1 rows (approximately)
/*!40000 ALTER TABLE `ci_sessions` DISABLE KEYS */;
INSERT INTO `ci_sessions` (`id`, `ip_address`, `timestamp`, `data`) VALUES
	('cpqris9a2uf45rvqm3bb18ee1cm17imt', '::1', 1662043764, _binary '');
/*!40000 ALTER TABLE `ci_sessions` ENABLE KEYS */;

-- Dumping structure for table presensi.jadwal
CREATE TABLE IF NOT EXISTS `jadwal` (
  `id` int(11) NOT NULL AUTO_INCREMENT,
  `pelajaran` varchar(50) DEFAULT NULL,
  `pengajar` varchar(50) DEFAULT NULL,
  `kelas` varchar(50) DEFAULT NULL,
  `hari` varchar(50) DEFAULT NULL,
  `jam_mulai` time DEFAULT NULL,
  `jam_akhir` time DEFAULT NULL,
  `jam` time DEFAULT NULL,
  `jumlah_jam` int(11) DEFAULT NULL,
  `urutan` char(1) DEFAULT NULL,
  `created` varchar(50) DEFAULT NULL,
  `edited` varchar(50) DEFAULT NULL,
  `date_created` datetime DEFAULT NULL,
  `date_edited` datetime DEFAULT NULL,
  `deleted` char(1) DEFAULT '0',
  PRIMARY KEY (`id`)
) ENGINE=InnoDB AUTO_INCREMENT=122 DEFAULT CHARSET=latin1;

-- Dumping data for table presensi.jadwal: ~121 rows (approximately)
/*!40000 ALTER TABLE `jadwal` DISABLE KEYS */;
INSERT INTO `jadwal` (`id`, `pelajaran`, `pengajar`, `kelas`, `hari`, `jam_mulai`, `jam_akhir`, `jam`, `jumlah_jam`, `urutan`, `created`, `edited`, `date_created`, `date_edited`, `deleted`) VALUES
	(1, '1', '2', '1', 'Senin', '08:15:00', '08:55:00', '00:40:00', 1, NULL, '1', '1', '2022-10-18 05:50:03', '2022-11-23 15:14:34', '1'),
	(2, '2', '3', '1', 'Senin', '08:55:00', '09:35:00', '00:40:00', 1, NULL, '1', '1', '2022-10-18 05:50:12', '2022-11-23 15:14:55', '1'),
	(3, '5', '5', '1', 'Senin', '10:00:00', '11:20:00', '01:20:00', 2, NULL, '1', '1', '2022-10-18 05:50:26', '2022-11-23 15:14:43', '1'),
	(4, '6', '5', '2', 'Kamis', '07:30:00', '11:00:00', '03:30:00', 3, NULL, '1', NULL, '2022-11-25 11:43:53', NULL, '0'),
	(5, '13', '71', '2', 'Kamis', '11:00:00', '12:30:00', '01:30:00', 2, NULL, '1', NULL, '2022-11-25 11:44:43', NULL, '0'),
	(6, '4', '11', '1', 'Kamis', '11:15:00', '12:35:00', '01:20:00', 2, NULL, '1', '1', '2022-10-20 20:56:32', '2022-11-23 15:17:59', '1'),
	(7, '9', '15', '2', 'Kamis', '13:00:00', '14:30:00', '01:30:00', 2, NULL, '1', NULL, '2022-11-25 11:45:48', NULL, '0'),
	(8, '2', '49', '2', 'Kamis', '14:30:00', '16:00:00', '01:30:00', 2, NULL, '1', NULL, '2022-11-25 11:46:46', NULL, '0'),
	(9, '13', '31', '2', 'Kamis', '11:15:00', '12:35:00', '01:20:00', 2, NULL, '1', '1', '2022-10-21 15:52:31', '2022-11-25 11:44:55', '1'),
	(10, '23', '2', '2', 'Jumat', '10:00:00', '12:00:00', '02:00:00', 3, NULL, '129', '1', '2022-11-11 11:04:58', '2022-11-23 15:28:10', '1'),
	(11, '1', '52', '1', 'Senin', '08:15:00', '09:45:00', '01:30:00', 2, NULL, '1', NULL, '2022-11-23 12:24:39', NULL, '0'),
	(12, '11', '74', '1', 'Senin', '10:15:00', '12:30:00', '02:15:00', 3, NULL, '1', NULL, '2022-11-23 12:25:43', NULL, '0'),
	(13, '9', '17', '1', 'Senin', '13:00:00', '14:30:00', '01:30:00', 2, NULL, '1', NULL, '2022-11-23 12:28:19', NULL, '0'),
	(14, '24', '51', '1', 'Senin', '14:30:00', '16:00:00', '01:30:00', 2, NULL, '1', NULL, '2022-11-23 15:25:29', NULL, '0'),
	(15, '21', '14', '1', 'Selasa', '07:30:00', '09:00:00', '01:30:00', 2, NULL, '1', NULL, '2022-11-23 12:30:16', NULL, '0'),
	(16, '3', '57', '1', 'Selasa', '09:00:00', '09:45:00', '00:45:00', 1, NULL, '1', NULL, '2022-11-23 15:05:32', NULL, '0'),
	(17, '2', '32', '1', 'Selasa', '10:15:00', '11:45:00', '01:30:00', 2, NULL, '1', NULL, '2022-11-23 15:07:10', NULL, '0'),
	(18, '7', '28', '1', 'Selasa', '11:45:00', '13:45:00', '02:00:00', 2, NULL, '1', NULL, '2022-11-23 15:08:24', NULL, '0'),
	(19, '5', '65', '1', 'Selasa', '13:45:00', '16:00:00', '02:15:00', 3, NULL, '1', NULL, '2022-11-23 15:09:30', NULL, '0'),
	(20, '9', '17', '1', 'Rabu', '07:30:00', '09:00:00', '01:30:00', 2, NULL, '1', NULL, '2022-11-23 15:10:23', NULL, '0'),
	(21, '1', '52', '1', 'Rabu', '09:00:00', '11:00:00', '02:00:00', 2, NULL, '1', NULL, '2022-11-23 15:11:16', NULL, '0'),
	(22, '13', '71', '1', 'Rabu', '11:00:00', '12:30:00', '01:30:00', 2, NULL, '1', NULL, '2022-11-23 15:13:51', NULL, '0'),
	(23, '6', '25', '1', 'Rabu', '13:00:00', '16:00:00', '03:00:00', 4, NULL, '1', NULL, '2022-11-23 15:37:09', NULL, '0'),
	(24, '12', '7', '1', 'Kamis', '07:30:00', '09:45:00', '02:15:00', 3, NULL, '1', NULL, '2022-11-23 15:17:52', NULL, '0'),
	(25, '5', '65', '1', 'Kamis', '10:15:00', '15:15:00', '05:00:00', 6, NULL, '1', NULL, '2022-11-23 15:19:23', NULL, '0'),
	(26, '2', '32', '1', 'Kamis', '15:15:00', '16:45:00', '01:30:00', 2, NULL, '1', NULL, '2022-11-23 15:20:06', NULL, '0'),
	(27, '22', '10', '1', 'Jumat', '08:10:00', '09:30:00', '01:20:00', 2, NULL, '1', NULL, '2022-11-23 15:23:06', NULL, '0'),
	(28, '5', '65', '1', 'Jumat', '09:50:00', '11:50:00', '02:00:00', 3, NULL, '1', NULL, '2022-11-23 15:23:57', NULL, '0'),
	(29, '7', '3', '1', 'Sabtu', '07:30:00', '11:00:00', '03:30:00', 4, NULL, '1', NULL, '2022-11-23 15:27:38', NULL, '0'),
	(30, '24', '51', '2', 'Senin', '08:15:00', '09:45:00', '01:30:00', 2, NULL, '1', '1', '2022-11-23 15:30:08', '2022-11-24 19:10:00', '1'),
	(31, '24', '51', '5', 'Senin', '08:15:00', '09:45:00', '01:30:00', 2, NULL, '1', NULL, '2022-11-23 18:14:33', NULL, '0'),
	(32, '25', '47', '5', 'Senin', '10:15:00', '11:45:00', '01:30:00', 2, NULL, '1', NULL, '2022-11-23 18:15:46', NULL, '0'),
	(33, '25', '44', '5', 'Senin', '11:45:00', '16:45:00', '05:00:00', 6, NULL, '1', NULL, '2022-11-23 18:16:46', NULL, '0'),
	(34, '2', '11', '5', 'Selasa', '07:30:00', '09:00:00', '01:30:00', 2, NULL, '1', NULL, '2022-11-23 18:17:40', NULL, '0'),
	(35, '7', '20', '5', 'Selasa', '09:00:00', '11:45:00', '02:45:00', 3, NULL, '1', NULL, '2022-11-23 18:20:07', NULL, '0'),
	(36, '25', '47', '5', 'Selasa', '11:45:00', '15:15:00', '03:30:00', 4, NULL, '1', NULL, '2022-11-23 18:21:33', NULL, '0'),
	(37, '1', '52', '5', 'Selasa', '15:15:00', '16:45:00', '01:30:00', 2, NULL, '1', NULL, '2022-11-23 18:22:08', NULL, '0'),
	(38, '2', '11', '5', 'Rabu', '07:30:00', '09:00:00', '01:30:00', 2, NULL, '1', NULL, '2022-11-23 18:23:08', NULL, '0'),
	(39, '9', '16', '5', 'Rabu', '09:00:00', '11:00:00', '02:00:00', 2, NULL, '1', NULL, '2022-11-23 18:24:22', NULL, '0'),
	(40, '1', '52', '5', 'Rabu', '11:00:00', '12:30:00', '01:30:00', 2, NULL, '1', NULL, '2022-11-23 18:25:06', NULL, '0'),
	(41, '13', '29', '5', 'Rabu', '13:00:00', '14:30:00', '01:30:00', 2, NULL, '1', NULL, '2022-11-23 18:26:13', NULL, '0'),
	(42, '3', '57', '5', 'Rabu', '14:30:00', '15:15:00', '00:45:00', 1, NULL, '1', NULL, '2022-11-23 18:26:59', NULL, '0'),
	(43, '21', '14', '5', 'Rabu', '15:15:00', '16:45:00', '01:30:00', 2, NULL, '1', NULL, '2022-11-23 18:27:42', NULL, '0'),
	(44, '9', '16', '5', 'Kamis', '07:30:00', '09:00:00', '01:30:00', 2, NULL, '1', NULL, '2022-11-23 18:29:02', NULL, '0'),
	(45, '22', '10', '5', 'Kamis', '09:00:00', '11:00:00', '02:00:00', 2, NULL, '1', NULL, '2022-11-23 18:29:50', NULL, '0'),
	(46, '12', '7', '5', 'Kamis', '11:00:00', '13:45:00', '02:45:00', 3, NULL, '1', NULL, '2022-11-23 18:31:12', NULL, '0'),
	(47, '11', '74', '5', 'Kamis', '13:45:00', '16:00:00', '02:15:00', 3, NULL, '1', NULL, '2022-11-23 18:32:00', NULL, '0'),
	(48, '6', '25', '5', 'Jumat', '08:10:00', '11:10:00', '03:00:00', 4, NULL, '1', NULL, '2022-11-23 18:32:51', NULL, '0'),
	(49, '7', '14', '5', 'Sabtu', '07:30:00', '09:45:00', '02:15:00', 3, NULL, '1', NULL, '2022-11-23 18:33:49', NULL, '0'),
	(50, '12', '7', '6', 'Senin', '08:15:00', '11:00:00', '02:45:00', 3, NULL, '1', NULL, '2022-11-24 10:30:42', NULL, '0'),
	(51, '6', '25', '6', 'Senin', '11:00:00', '14:30:00', '03:30:00', 4, NULL, '1', NULL, '2022-11-24 10:35:07', NULL, '0'),
	(52, '1', '52', '6', 'Senin', '14:30:00', '16:00:00', '01:30:00', 2, NULL, '1', NULL, '2022-11-24 10:36:04', NULL, '0'),
	(53, '25', '53', '6', 'Selasa', '07:30:00', '11:00:00', '03:30:00', 4, NULL, '1', NULL, '2022-11-24 10:38:58', NULL, '0'),
	(54, '2', '11', '6', 'Selasa', '11:00:00', '12:30:00', '01:30:00', 2, NULL, '1', NULL, '2022-11-24 10:38:43', NULL, '0'),
	(55, '21', '14', '6', 'Selasa', '13:00:00', '14:30:00', '01:30:00', 2, NULL, '1', NULL, '2022-11-24 10:39:51', NULL, '0'),
	(56, '25', '44', '6', 'Rabu', '07:30:00', '11:00:00', '03:30:00', 4, NULL, '1', NULL, '2022-11-24 10:40:42', NULL, '0'),
	(57, '7', '14', '6', 'Rabu', '11:00:00', '13:45:00', '02:45:00', 3, NULL, '1', NULL, '2022-11-24 10:41:39', NULL, '0'),
	(58, '1', '52', '6', 'Rabu', '13:45:00', '15:15:00', '01:30:00', 2, NULL, '1', NULL, '2022-11-24 10:43:15', NULL, '0'),
	(59, '2', '11', '6', 'Rabu', '15:15:00', '16:45:00', '01:30:00', 2, NULL, '1', NULL, '2022-11-24 10:44:03', NULL, '0'),
	(60, '11', '59', '6', 'Kamis', '07:30:00', '09:45:00', '02:15:00', 3, NULL, '1', NULL, '2022-11-24 10:49:00', NULL, '0'),
	(61, '25', '53', '6', 'Kamis', '10:15:00', '11:45:00', '01:30:00', 2, NULL, '1', NULL, '2022-11-24 10:50:16', NULL, '0'),
	(62, '9', '16', '6', 'Kamis', '11:45:00', '13:45:00', '02:00:00', 2, NULL, '1', NULL, '2022-11-24 10:51:12', NULL, '0'),
	(63, '22', '10', '6', 'Kamis', '13:45:00', '15:15:00', '01:30:00', 2, NULL, '1', NULL, '2022-11-24 10:52:05', NULL, '0'),
	(64, '25', '44', '6', 'Kamis', '15:15:00', '16:45:00', '01:30:00', 2, NULL, '1', NULL, '2022-11-24 10:53:28', NULL, '0'),
	(65, '7', '20', '6', 'Jumat', '08:10:00', '10:30:00', '02:20:00', 3, NULL, '1', NULL, '2022-11-24 10:55:52', NULL, '0'),
	(66, '3', '57', '6', 'Jumat', '10:30:00', '11:10:00', '00:40:00', 1, NULL, '1', NULL, '2022-11-24 10:57:25', NULL, '0'),
	(67, '24', '51', '6', 'Jumat', '11:10:00', '12:30:00', '01:20:00', 2, NULL, '1', NULL, '2022-11-24 10:59:13', NULL, '0'),
	(68, '9', '16', '6', 'Sabtu', '07:30:00', '09:00:00', '01:30:00', 2, NULL, '1', NULL, '2022-11-24 11:00:39', NULL, '0'),
	(69, '13', '29', '6', 'Sabtu', '09:00:00', '11:00:00', '02:00:00', 2, NULL, '1', NULL, '2022-11-24 11:01:38', NULL, '0'),
	(70, '11', '75', '4', 'Senin', '08:15:00', '11:00:00', '02:45:00', 3, NULL, '1', NULL, '2022-11-24 12:56:32', NULL, '0'),
	(71, '26', '55', '4', 'Senin', '11:00:00', '16:00:00', '05:00:00', 6, NULL, '1', NULL, '2022-11-24 12:59:28', NULL, '0'),
	(72, '24', '51', '4', 'Selasa', '07:30:00', '09:00:00', '01:30:00', 2, NULL, '1', NULL, '2022-11-24 13:00:55', NULL, '0'),
	(73, '21', '14', '4', 'Selasa', '09:00:00', '11:00:00', '02:00:00', 2, NULL, '1', NULL, '2022-11-24 13:01:39', NULL, '0'),
	(74, '26', '72', '4', 'Selasa', '11:00:00', '16:00:00', '05:00:00', 6, NULL, '1', NULL, '2022-11-24 13:03:12', NULL, '0'),
	(75, '2', '42', '4', 'Rabu', '07:30:00', '09:00:00', '01:30:00', 2, NULL, '1', NULL, '2022-11-24 13:08:27', NULL, '0'),
	(76, '13', '29', '4', 'Rabu', '09:00:00', '11:00:00', '02:00:00', 2, NULL, '1', NULL, '2022-11-24 13:07:58', NULL, '0'),
	(77, '22', '10', '4', 'Rabu', '11:00:00', '12:30:00', '01:30:00', 2, NULL, '1', NULL, '2022-11-24 13:09:41', NULL, '0'),
	(78, '12', '7', '4', 'Rabu', '13:00:00', '15:15:00', '02:15:00', 3, NULL, '1', NULL, '2022-11-24 13:14:00', NULL, '0'),
	(79, '1', '69', '4', 'Rabu', '15:15:00', '16:45:00', '01:30:00', 2, NULL, '1', NULL, '2022-11-24 13:15:42', NULL, '0'),
	(80, '7', '28', '4', 'Kamis', '07:30:00', '09:45:00', '02:15:00', 3, NULL, '1', NULL, '2022-11-24 13:18:13', NULL, '0'),
	(81, '9', '18', '4', 'Kamis', '10:15:00', '11:45:00', '01:30:00', 2, NULL, '1', NULL, '2022-11-24 13:19:33', NULL, '0'),
	(82, '7', '20', '4', 'Kamis', '11:45:00', '14:30:00', '02:45:00', 3, NULL, '1', NULL, '2022-11-24 13:20:38', NULL, '0'),
	(83, '1', '69', '4', 'Kamis', '14:30:00', '16:00:00', '01:30:00', 2, NULL, '1', NULL, '2022-11-24 13:21:32', NULL, '0'),
	(84, '6', '55', '4', 'Jumat', '08:10:00', '11:10:00', '03:00:00', 4, NULL, '1', NULL, '2022-11-24 13:22:27', NULL, '0'),
	(85, '3', '21', '4', 'Jumat', '11:10:00', '11:50:00', '00:40:00', 1, NULL, '1', NULL, '2022-11-24 13:23:19', NULL, '0'),
	(86, '9', '18', '4', 'Sabtu', '07:30:00', '09:00:00', '01:30:00', 2, NULL, '1', NULL, '2022-11-24 13:24:09', NULL, '0'),
	(87, '9', '42', '4', 'Sabtu', '09:00:00', '11:00:00', '02:00:00', 2, NULL, '1', NULL, '2022-11-24 13:24:48', NULL, '0'),
	(88, '1', '41', '2', 'Senin', '08:15:00', '09:45:00', '01:30:00', 3, NULL, '1', NULL, '2022-12-05 17:59:12', NULL, '0'),
	(89, '27', '6', '2', 'Senin', '10:15:00', '12:30:00', '02:15:00', 3, NULL, '1', NULL, '2022-11-24 19:12:35', NULL, '0'),
	(90, '24', '51', '2', 'Senin', '13:00:00', '14:30:00', '01:30:00', 2, NULL, '1', NULL, '2022-11-24 19:13:37', NULL, '0'),
	(91, '22', '10', '2', 'Senin', '14:30:00', '16:00:00', '01:30:00', 2, NULL, '1', NULL, '2022-11-24 19:14:14', NULL, '0'),
	(92, '2', '49', '2', 'Selasa', '07:30:00', '09:00:00', '01:30:00', 2, NULL, '1', NULL, '2022-11-25 11:37:21', NULL, '0'),
	(93, '27', '27', '2', 'Selasa', '09:00:00', '16:45:00', '07:45:00', 9, NULL, '1', NULL, '2022-11-25 11:38:44', NULL, '0'),
	(94, '1', '41', '2', 'Rabu', '07:30:00', '09:00:00', '01:30:00', 2, NULL, '1', NULL, '2022-11-25 11:39:58', NULL, '0'),
	(95, '21', '14', '2', 'Rabu', '09:00:00', '11:00:00', '02:00:00', 2, NULL, '1', NULL, '2022-11-25 11:40:48', NULL, '0'),
	(96, '11', '74', '2', 'Rabu', '11:00:00', '13:45:00', '02:45:00', 3, NULL, '1', NULL, '2022-11-25 11:41:44', NULL, '0'),
	(97, '7', '28', '2', 'Rabu', '13:45:00', '16:00:00', '02:15:00', 3, NULL, '1', NULL, '2022-11-25 11:42:42', NULL, '0'),
	(98, '9', '15', '2', 'Jumat', '08:10:00', '09:30:00', '01:20:00', 2, NULL, '1', NULL, '2022-11-25 11:50:45', NULL, '0'),
	(99, '7', '3', '2', 'Jumat', '09:50:00', '11:50:00', '02:00:00', 3, NULL, '1', NULL, '2022-11-25 11:51:40', NULL, '0'),
	(100, '12', '7', '2', 'Sabtu', '07:30:00', '09:45:00', '02:15:00', 3, NULL, '1', NULL, '2022-11-25 11:52:49', NULL, '0'),
	(101, '3', '21', '2', 'Sabtu', '10:15:00', '11:00:00', '00:45:00', 1, NULL, '1', NULL, '2022-11-25 11:53:29', NULL, '0'),
	(102, '21', '14', '3', 'Senin', '08:15:00', '09:45:00', '01:30:00', 2, NULL, '1', NULL, '2022-11-26 09:39:40', NULL, '0'),
	(103, '9', '15', '3', 'Senin', '10:15:00', '11:45:00', '01:30:00', 2, NULL, '1', NULL, '2022-11-26 09:40:45', NULL, '0'),
	(104, '27', '58', '3', 'Senin', '11:45:00', '13:45:00', '02:00:00', 2, NULL, '1', NULL, '2022-11-26 09:42:34', NULL, '0'),
	(105, '7', '3', '3', 'Senin', '13:45:00', '16:00:00', '02:15:00', 3, NULL, '1', NULL, '2022-11-26 09:52:33', NULL, '0'),
	(106, '7', '28', '3', 'Selasa', '07:30:00', '09:45:00', '02:15:00', 3, NULL, '1', NULL, '2022-11-26 09:58:34', NULL, '0'),
	(107, '11', '74', '3', 'Selasa', '10:15:00', '12:30:00', '02:15:00', 3, NULL, '1', NULL, '2022-11-26 10:01:35', NULL, '0'),
	(108, '1', '41', '3', 'Selasa', '13:00:00', '14:30:00', '01:30:00', 2, NULL, '1', NULL, '2022-11-26 10:05:34', NULL, '0'),
	(109, '9', '15', '3', 'Selasa', '14:30:00', '16:00:00', '01:30:00', 21, NULL, '1', NULL, '2022-11-26 10:06:49', NULL, '0'),
	(110, '12', '7', '3', 'Rabu', '07:30:00', '09:45:00', '02:15:00', 3, NULL, '1', NULL, '2022-11-26 10:08:33', NULL, '0'),
	(111, '1', '41', '3', 'Rabu', '10:15:00', '11:45:00', '01:30:00', 2, NULL, '1', NULL, '2022-11-26 10:10:44', NULL, '0'),
	(112, '27', '58', '3', 'Rabu', '11:45:00', '16:00:00', '04:15:00', 5, NULL, '1', NULL, '2022-11-26 10:13:04', NULL, '0'),
	(113, '27', '27', '3', 'Kamis', '07:30:00', '11:45:00', '04:15:00', 5, NULL, '1', NULL, '2022-11-26 10:28:27', NULL, '0'),
	(114, '6', '5', '3', 'Kamis', '11:45:00', '15:15:00', '03:30:00', 4, NULL, '1', NULL, '2022-11-26 10:31:33', NULL, '0'),
	(115, '13', '71', '3', 'Kamis', '15:15:00', '16:45:00', '01:30:00', 2, NULL, '1', NULL, '2022-11-26 10:44:56', NULL, '0'),
	(116, '2', '49', '3', 'Jumat', '08:10:00', '09:30:00', '01:20:00', 2, NULL, '1', NULL, '2022-11-26 10:49:14', NULL, '0'),
	(117, '24', '51', '3', 'Jumat', '09:50:00', '11:10:00', '01:20:00', 2, NULL, '1', NULL, '2022-11-26 10:50:47', NULL, '0'),
	(118, '22', '10', '3', 'Jumat', '11:10:00', '12:30:00', '01:20:00', 2, NULL, '1', NULL, '2022-11-26 10:58:22', NULL, '0'),
	(119, '2', '49', '3', 'Sabtu', '07:30:00', '09:00:00', '01:30:00', 2, NULL, '1', NULL, '2022-11-26 10:59:28', NULL, '0'),
	(120, '3', '21', '3', 'Sabtu', '09:00:00', '09:45:00', '00:45:00', 1, NULL, '1', NULL, '2022-11-26 11:00:18', NULL, '0'),
	(121, '18', '62', '26', 'Senin', '11:05:00', '16:45:00', '05:40:00', 13, NULL, '129', '129', '2022-12-07 09:58:48', '2022-12-07 09:59:44', '1');
/*!40000 ALTER TABLE `jadwal` ENABLE KEYS */;

-- Dumping structure for table presensi.jadwal_role
CREATE TABLE IF NOT EXISTS `jadwal_role` (
  `id` int(11) NOT NULL AUTO_INCREMENT,
  `no` int(11) DEFAULT NULL,
  `hari` varchar(50) DEFAULT NULL,
  `jam_mulai` time DEFAULT NULL,
  `jam_akhir` time DEFAULT NULL,
  PRIMARY KEY (`id`)
) ENGINE=InnoDB AUTO_INCREMENT=28 DEFAULT CHARSET=latin1;

-- Dumping data for table presensi.jadwal_role: ~27 rows (approximately)
/*!40000 ALTER TABLE `jadwal_role` DISABLE KEYS */;
INSERT INTO `jadwal_role` (`id`, `no`, `hari`, `jam_mulai`, `jam_akhir`) VALUES
	(1, 2, 'A', '08:15:00', '08:55:00'),
	(2, 3, 'A', '08:55:00', '09:35:00'),
	(3, 4, 'A', '10:00:00', '10:40:00'),
	(4, 5, 'A', '10:40:00', '11:20:00'),
	(5, 6, 'A', '11:20:00', '12:00:00'),
	(6, 7, 'A', '12:00:00', '12:40:00'),
	(7, 8, 'A', '13:10:00', '13:50:00'),
	(8, 9, 'A', '13:50:00', '14:30:00'),
	(9, 10, 'A', '14:30:00', '15:10:00'),
	(10, 11, 'A', '15:10:00', '15:50:00'),
	(11, 1, 'B', '07:30:00', '08:10:00'),
	(12, 2, 'B', '08:10:00', '08:50:00'),
	(13, 3, 'B', '08:50:00', '09:30:00'),
	(14, 4, 'B', '09:55:00', '10:35:00'),
	(15, 5, 'B', '10:35:00', '11:15:00'),
	(16, 6, 'B', '11:15:00', '11:55:00'),
	(17, 7, 'B', '11:55:00', '12:35:00'),
	(18, 8, 'B', '13:05:00', '13:45:00'),
	(19, 9, 'B', '13:45:00', '14:25:00'),
	(20, 10, 'B', '14:25:00', '15:05:00'),
	(21, 11, 'B', '15:05:00', '15:45:00'),
	(22, 2, 'C', '08:10:00', '08:45:00'),
	(23, 3, 'C', '08:45:00', '09:20:00'),
	(24, 4, 'C', '09:20:00', '09:55:00'),
	(25, 5, 'C', '10:15:00', '10:50:00'),
	(26, 6, 'C', '10:50:00', '11:25:00'),
	(27, 7, 'C', '11:25:00', '12:00:00');
/*!40000 ALTER TABLE `jadwal_role` ENABLE KEYS */;

-- Dumping structure for table presensi.lokasi
CREATE TABLE IF NOT EXISTS `lokasi` (
  `id` int(11) NOT NULL AUTO_INCREMENT,
  `latitude` varchar(50) NOT NULL DEFAULT 'NULL',
  `longitude` varchar(50) NOT NULL DEFAULT 'NULL',
  `radius` int(11) NOT NULL DEFAULT '0',
  `nama_tempat` varchar(50) NOT NULL DEFAULT 'NULL',
  `kategori` varchar(50) NOT NULL DEFAULT 'NULL',
  `keterangan` varchar(50) NOT NULL DEFAULT 'NULL',
  `deleted` char(1) DEFAULT '0',
  PRIMARY KEY (`id`)
) ENGINE=InnoDB AUTO_INCREMENT=7 DEFAULT CHARSET=latin1;

-- Dumping data for table presensi.lokasi: ~6 rows (approximately)
/*!40000 ALTER TABLE `lokasi` DISABLE KEYS */;
INSERT INTO `lokasi` (`id`, `latitude`, `longitude`, `radius`, `nama_tempat`, `kategori`, `keterangan`, `deleted`) VALUES
	(1, '-7.550126', '110.621919', 40, 'RSU ISLAM BOYOLALI', 'pns', '', '1'),
	(2, '-7.550126', '110.621919', 40, 'RSU ISLAM BOYOLALI', 'siswa', '', '1'),
	(3, '-0.634497', '100.272184', 6000, 'SMKN 1 EL - DINAS', 'pns', '', '0'),
	(4, '-0.6343811546427052', '100.272184', 80, 'SMKN 1 ENAM LINGKUNG', 'siswa', '', '0'),
	(5, '-0.634442', '100.272246', 40, 'SMKN 1 Enam lingkung', 'pns', '', '1'),
	(6, '-0.634442', '100.272246', 40, 'SMKN 1 Enam lingkung', 'siswa', '', '1');
/*!40000 ALTER TABLE `lokasi` ENABLE KEYS */;

-- Dumping structure for table presensi.master_jabatan
CREATE TABLE IF NOT EXISTS `master_jabatan` (
  `id` int(11) NOT NULL AUTO_INCREMENT,
  `jabatan` varchar(50) DEFAULT NULL,
  `wali` varchar(50) DEFAULT NULL,
  `deleted` varchar(1) DEFAULT '0',
  PRIMARY KEY (`id`)
) ENGINE=InnoDB AUTO_INCREMENT=16 DEFAULT CHARSET=latin1;

-- Dumping data for table presensi.master_jabatan: ~15 rows (approximately)
/*!40000 ALTER TABLE `master_jabatan` DISABLE KEYS */;
INSERT INTO `master_jabatan` (`id`, `jabatan`, `wali`, `deleted`) VALUES
	(1, 'Bend BOS', NULL, '0'),
	(2, 'Bend Gaji', NULL, '0'),
	(3, 'Kaprog AKL', NULL, '0'),
	(4, 'Kaprog APHP', NULL, '0'),
	(5, 'Kaprog BDP', NULL, '0'),
	(6, 'Kaprog MM/DKV', NULL, '0'),
	(7, 'Kaprog OTKP', NULL, '0'),
	(8, 'Kaprog PSPT', NULL, '0'),
	(9, 'Kapust', NULL, '0'),
	(10, 'Kepala Sekolah', NULL, '0'),
	(11, 'PBP', NULL, '0'),
	(12, 'Waka Humas', NULL, '0'),
	(13, 'Waka Sarpras', NULL, '0'),
	(14, 'Wakakur', NULL, '0'),
	(15, 'Wakasis', NULL, '0');
/*!40000 ALTER TABLE `master_jabatan` ENABLE KEYS */;

-- Dumping structure for table presensi.master_kelas
CREATE TABLE IF NOT EXISTS `master_kelas` (
  `id` int(11) NOT NULL AUTO_INCREMENT,
  `kelas` varchar(50) DEFAULT NULL,
  `wali` varchar(50) DEFAULT NULL,
  `deleted` char(50) DEFAULT '0',
  PRIMARY KEY (`id`)
) ENGINE=InnoDB AUTO_INCREMENT=31 DEFAULT CHARSET=utf8mb4;

-- Dumping data for table presensi.master_kelas: ~30 rows (approximately)
/*!40000 ALTER TABLE `master_kelas` DISABLE KEYS */;
INSERT INTO `master_kelas` (`id`, `kelas`, `wali`, `deleted`) VALUES
	(1, 'X APHP', '74', '0'),
	(2, 'X AKL 1', '28', '0'),
	(3, 'X AKL 2 ', '49', '0'),
	(4, 'X BROADCASTING', '69', '0'),
	(5, 'X DKV 1', '44', '0'),
	(6, 'X DKV 2', '52', '0'),
	(7, 'X MPLB 1', '32', '0'),
	(8, 'X MPLB 2', '18', '0'),
	(9, 'X MPLB 3', '76', '0'),
	(10, 'X PMS 1', '20', '0'),
	(11, 'X PMS 2', '14', '0'),
	(12, 'XI AKL 1', '33', '0'),
	(13, 'XI AKL 2', '30', '0'),
	(14, 'XI APHP 1', '3', '0'),
	(15, 'XI APHP 2', '68', '0'),
	(16, 'XI BDP 1', '36', '0'),
	(17, 'XI BDP 2', '43', '0'),
	(18, 'XI MM', '31', '0'),
	(19, 'XI OTKP 1', '46', '0'),
	(20, 'XI OTKP 2', '50', '0'),
	(21, 'XI PSPT', '15', '0'),
	(22, 'XII AKL', '12', '0'),
	(23, 'XII APHP 1', '39', '0'),
	(24, 'XII APHP 2', '41', '0'),
	(25, 'XII BDP', '37', '0'),
	(26, 'XII MM 1', '42', '0'),
	(27, 'XII MM 2', '16', '0'),
	(28, 'XII OTKP 1', '64', '0'),
	(29, 'XII OTKP 2', '17', '0'),
	(30, 'XII PSPT', '53', '0');
/*!40000 ALTER TABLE `master_kelas` ENABLE KEYS */;

-- Dumping structure for table presensi.master_pelajaran
CREATE TABLE IF NOT EXISTS `master_pelajaran` (
  `id` int(11) NOT NULL AUTO_INCREMENT,
  `pelajaran` varchar(50) DEFAULT NULL,
  `deleted` varchar(1) DEFAULT '0',
  PRIMARY KEY (`id`)
) ENGINE=InnoDB AUTO_INCREMENT=28 DEFAULT CHARSET=latin1;

-- Dumping data for table presensi.master_pelajaran: ~27 rows (approximately)
/*!40000 ALTER TABLE `master_pelajaran` DISABLE KEYS */;
INSERT INTO `master_pelajaran` (`id`, `pelajaran`, `deleted`) VALUES
	(1, 'Bahasa Indonesia', '0'),
	(2, 'Bahasa Inggris', '0'),
	(3, 'Bimbingan Konseling', '0'),
	(4, 'Biologi', '0'),
	(5, 'Dasar Kejuruan APHP', '0'),
	(6, 'Informatika', '0'),
	(7, 'IPAS', '0'),
	(8, 'Kepala Sekolah', '0'),
	(9, 'Matematika', '0'),
	(10, 'Pend Agama', '0'),
	(11, 'Pend Agama Islam', '0'),
	(12, 'PJOK', '0'),
	(13, 'PPKN', '0'),
	(14, 'Prod Agribisnis Pengolahan Hasil Pertanian', '0'),
	(15, 'Prod Akuntansi dan Keuangan Lembaga', '0'),
	(16, 'Prod Bisnis Daring dan Pemasaran', '0'),
	(17, 'Prod DKV', '0'),
	(18, 'Prod Multimedia', '0'),
	(19, 'Prod Otomatisasi Tata kelola Perkantoran', '0'),
	(20, 'Prod PSPT', '0'),
	(21, 'Sejarah', '0'),
	(22, 'Seni Budaya', '0'),
	(23, 'Desain DKV', '0'),
	(24, 'Muatan Lokal(Seni Budaya Daerah)', '0'),
	(25, 'Dasar Kejuruan DKV', '0'),
	(26, 'Dasar Kejuruan Broadcasting', '0'),
	(27, 'Dasar Kejuruan Akuntansi', '0');
/*!40000 ALTER TABLE `master_pelajaran` ENABLE KEYS */;

-- Dumping structure for table presensi.profil
CREATE TABLE IF NOT EXISTS `profil` (
  `id` int(11) NOT NULL AUTO_INCREMENT,
  `sekolah` varchar(50) DEFAULT NULL,
  `kepala` varchar(50) DEFAULT NULL,
  `wakil` varchar(50) DEFAULT NULL,
  `kesiswaan` varchar(50) DEFAULT NULL,
  `alamat` varchar(50) DEFAULT NULL,
  `kode_pos` varchar(50) DEFAULT NULL,
  `telepon` varchar(50) DEFAULT NULL,
  `npsn` varchar(50) DEFAULT NULL,
  `image_prov` varchar(50) DEFAULT NULL,
  `image_sekolah` varchar(50) DEFAULT NULL,
  `thn_ajaran` varchar(50) DEFAULT NULL,
  PRIMARY KEY (`id`)
) ENGINE=InnoDB AUTO_INCREMENT=2 DEFAULT CHARSET=latin1;

-- Dumping data for table presensi.profil: ~0 rows (approximately)
/*!40000 ALTER TABLE `profil` DISABLE KEYS */;
INSERT INTO `profil` (`id`, `sekolah`, `kepala`, `wakil`, `kesiswaan`, `alamat`, `kode_pos`, `telepon`, `npsn`, `image_prov`, `image_sekolah`, `thn_ajaran`) VALUES
	(1, 'SMK NEGERI 1 ENAM LINGKUNG', '2', '13', '10', 'Jln. Raya Padang Bukittinggi KM 40', '25584', '', '10308128', 'image_prov.png', 'image_sekolah.png', '2022/2023');
/*!40000 ALTER TABLE `profil` ENABLE KEYS */;

-- Dumping structure for table presensi.rekap_absen_siswa
CREATE TABLE IF NOT EXISTS `rekap_absen_siswa` (
  `id` int(11) NOT NULL AUTO_INCREMENT,
  `id_jadwal` int(11) DEFAULT NULL,
  `tanggal` date DEFAULT NULL,
  `pelajaran` varchar(50) DEFAULT NULL,
  `pengajar` varchar(50) DEFAULT NULL,
  `kelas` varchar(50) DEFAULT NULL,
  `hari` varchar(50) DEFAULT NULL,
  `jam_mulai` time DEFAULT NULL,
  `jam_akhir` time DEFAULT NULL,
  `jam` time DEFAULT NULL,
  `urutan` char(1) DEFAULT NULL,
  `pengecek` varchar(50) DEFAULT NULL,
  `date_cek` datetime DEFAULT NULL,
  `created` varchar(50) DEFAULT NULL,
  `edited` varchar(50) DEFAULT NULL,
  `date_created` datetime DEFAULT NULL,
  `date_edited` datetime DEFAULT NULL,
  `deleted` char(1) DEFAULT '0',
  PRIMARY KEY (`id`)
) ENGINE=InnoDB AUTO_INCREMENT=5 DEFAULT CHARSET=latin1;

-- Dumping data for table presensi.rekap_absen_siswa: ~4 rows (approximately)
/*!40000 ALTER TABLE `rekap_absen_siswa` DISABLE KEYS */;
INSERT INTO `rekap_absen_siswa` (`id`, `id_jadwal`, `tanggal`, `pelajaran`, `pengajar`, `kelas`, `hari`, `jam_mulai`, `jam_akhir`, `jam`, `urutan`, `pengecek`, `date_cek`, `created`, `edited`, `date_created`, `date_edited`, `deleted`) VALUES
	(1, 6, '2022-10-20', '4', '11', '1', 'Kamis', '11:15:00', '12:35:00', '01:20:00', NULL, '1', '2022-10-23 05:57:45', NULL, NULL, NULL, NULL, '0'),
	(2, 4, '2022-10-20', '6', '19', '2', 'Kamis', '07:30:00', '09:30:00', '02:00:00', NULL, '1', '2022-10-23 05:57:58', NULL, NULL, NULL, NULL, '0'),
	(3, 10, '2022-11-11', '23', '2', '2', 'Jumat', '10:00:00', '12:00:00', '02:00:00', NULL, '129', '2022-11-11 11:01:57', NULL, NULL, NULL, NULL, '0'),
	(4, 88, '2022-12-05', '1', '41', '2', 'Senin', '08:15:00', '09:45:00', '01:30:00', NULL, '1', '2022-12-06 13:11:44', NULL, NULL, NULL, NULL, '0');
/*!40000 ALTER TABLE `rekap_absen_siswa` ENABLE KEYS */;

-- Dumping structure for table presensi.siswa
CREATE TABLE IF NOT EXISTS `siswa` (
  `id` int(11) NOT NULL AUTO_INCREMENT,
  `username` varchar(50) DEFAULT NULL,
  `password` varchar(50) DEFAULT NULL,
  `nisn` varchar(50) DEFAULT NULL,
  `nama` varchar(50) DEFAULT NULL,
  `jenis_kelamin` varchar(50) DEFAULT NULL,
  `alamat` varchar(50) DEFAULT NULL,
  `no_telp` varchar(50) DEFAULT NULL,
  `kelas` varchar(50) DEFAULT NULL,
  `akses` varchar(50) DEFAULT NULL,
  `layar` varchar(50) DEFAULT NULL,
  `created` varchar(50) DEFAULT NULL,
  `edited` varchar(50) DEFAULT NULL,
  `date_created` datetime DEFAULT NULL,
  `date_edited` datetime DEFAULT NULL,
  `deleted` char(1) DEFAULT '0',
  PRIMARY KEY (`id`)
) ENGINE=InnoDB AUTO_INCREMENT=10 DEFAULT CHARSET=latin1;

-- Dumping data for table presensi.siswa: ~9 rows (approximately)
/*!40000 ALTER TABLE `siswa` DISABLE KEYS */;
INSERT INTO `siswa` (`id`, `username`, `password`, `nisn`, `nama`, `jenis_kelamin`, `alamat`, `no_telp`, `kelas`, `akses`, `layar`, `created`, `edited`, `date_created`, `date_edited`, `deleted`) VALUES
	(1, 'angga', 'angga', '200758', 'Angga Slamet', 'L', 'Trucuk, Klaten', '08123456789', '1', 'SISWA', NULL, '1', NULL, '2022-12-06 05:38:22', NULL, '0'),
	(2, 'mahone', 'mahone', '200759', 'Alex Mahone', 'L', 'Klaten', '08123456789', '2', 'SISWA', NULL, '1', NULL, '2022-09-27 11:10:25', NULL, '0'),
	(3, 'cintia', 'cintia', '200751', 'Cintia Tri Kurniawati', 'P', 'Klaten', '85725466609', '1', 'SISWA', NULL, '1', NULL, '2022-09-27 11:10:33', NULL, '0'),
	(4, 'ika', 'ika', '200100', 'Ika Septiono', 'P', 'kalten', '897979878', '3', 'SISWA', NULL, '5', NULL, '2022-09-27 19:37:05', NULL, '0'),
	(5, 'abil', 'abil', '200752', 'Abil Attaqi Pradipta Chandra', 'L', 'Gelang, Mayungan, Ngawen, Klaten', '083813766641', '1', 'SISWA', NULL, '1', NULL, '2022-09-27 11:07:50', NULL, '0'),
	(6, 'ronaldo', 'ronaldo', '200764', 'Ronaldo Wati', 'P', 'Yogyakarta', '0819784561', '2', 'SISWA', NULL, '1', NULL, '2022-09-27 11:11:19', NULL, '0'),
	(7, 'messi', '123456', '123456', 'Leonel Messi', 'P', 'Klaten', '08123456789', '2', NULL, NULL, '1', NULL, '2022-10-22 19:22:49', NULL, '0'),
	(8, 'lewandowski', '123456', '123457', 'Lewandowski', 'L', 'Klaten', '08123456789', '2', NULL, NULL, '1', NULL, '2022-10-22 19:22:56', NULL, '0'),
	(9, 'mika', 'mika', '10115261', 'Mika Simbolon', 'P', 'Padang Pariaman', '085375164491', '2', NULL, NULL, '1', NULL, '2022-12-05 17:49:58', NULL, '0');
/*!40000 ALTER TABLE `siswa` ENABLE KEYS */;

-- Dumping structure for table presensi.user
CREATE TABLE IF NOT EXISTS `user` (
  `id` int(11) NOT NULL AUTO_INCREMENT,
  `username` varchar(50) DEFAULT NULL,
  `password` varchar(50) DEFAULT NULL,
  `email` varchar(50) DEFAULT NULL,
  `foto` varchar(50) DEFAULT NULL,
  `image` varchar(50) DEFAULT NULL,
  `nama` varchar(50) DEFAULT NULL,
  `nip` varchar(50) DEFAULT NULL,
  `golongan` varchar(50) DEFAULT NULL,
  `nuptk` varchar(50) DEFAULT NULL,
  `no_telp` varchar(50) DEFAULT NULL,
  `pelajaran` varchar(50) DEFAULT NULL,
  `jabatan` varchar(50) DEFAULT NULL,
  `ttd` varchar(50) DEFAULT NULL,
  `created` varchar(50) DEFAULT NULL,
  `edited` varchar(50) DEFAULT NULL,
  `date_created` datetime DEFAULT NULL,
  `date_edited` datetime DEFAULT NULL,
  `akses` varchar(50) DEFAULT NULL,
  `sts_absen` varchar(50) DEFAULT 'aktif',
  `layar` varchar(50) DEFAULT NULL,
  `deleted` char(1) DEFAULT '0',
  PRIMARY KEY (`id`)
) ENGINE=InnoDB AUTO_INCREMENT=134 DEFAULT CHARSET=latin1;

-- Dumping data for table presensi.user: ~96 rows (approximately)
/*!40000 ALTER TABLE `user` DISABLE KEYS */;
INSERT INTO `user` (`id`, `username`, `password`, `email`, `foto`, `image`, `nama`, `nip`, `golongan`, `nuptk`, `no_telp`, `pelajaran`, `jabatan`, `ttd`, `created`, `edited`, `date_created`, `date_edited`, `akses`, `sts_absen`, `layar`, `deleted`) VALUES
	(1, 'niozone', '@niozone', '', 'foto_PANGTELU.PNG', '', 'Niozone DIgital', '123456', '', '', '', '', '', 'ttd_PANGTELU.PNG', '1', NULL, '2022-11-11 10:45:35', NULL, 'ADMIN', 'aktif', NULL, '0'),
	(2, 'U001', 'U001', '', 'foto_U001.PNG', '', 'Alza Syofyan Andri B, S.Pd', '19770204 200501 1 006', 'Pembina IV/a', '2.53676E+15', '081261891231', 'Kepala Sekolah', 'Kepala Sekolah', 'ttd_U001.PNG', '129', NULL, '2022-12-14 08:48:04', NULL, 'PNS', 'aktif', NULL, '0'),
	(3, 'U002', 'U002', '', 'foto_U002.PNG', '', 'Yurnalis, S.Pd', '19700524 199512 2 001', 'Pembina Tk I/ IVb', '3.85675E+15', '', 'Biologi', '', 'ttd_U002.PNG', '129', NULL, '2022-12-07 09:52:36', NULL, 'PNS', 'aktif', NULL, '0'),
	(4, 'U003', 'U003', '', 'foto_U003.PNG', '', 'Irzam. S.Pd', '19690129 199103 1 008', 'Pembina Tk I/ IVb', '1.46175E+15', '', 'Matematika', '', 'ttd_U003.PNG', '129', NULL, '2022-12-03 12:40:19', NULL, 'PNS', 'aktif', NULL, '0'),
	(5, 'U004', 'U004', '', 'foto_U004.PNG', '', 'Drs. Winardi', '19640729 199009 1 001', 'Pembina Tk I/ IVb', '3.05974E+15', '', 'Informatika', '', 'ttd_U004.PNG', '129', NULL, '2022-12-09 09:05:28', NULL, 'PNS', 'aktif', NULL, '0'),
	(6, 'U005', 'U005', '', 'foto_U005.PNG', '', 'Drs. Kadirman', '19660815 199203 1 003', 'Pembina Tk I/ IVb', '2.14774E+15', '', 'Prod Akuntansi dan Keuangan Lembaga', 'Kaprog AKL', 'ttd_U005.PNG', '129', NULL, '2022-12-03 12:40:49', NULL, 'PNS', 'aktif', NULL, '0'),
	(7, 'U006', 'U006', '', 'foto_U006.PNG', '', 'Drs. Julis', '19660705 200003 1 004', 'Pembina Tk I/ IVb', '5.03774E+15', '', 'PJOK', '', 'ttd_U006.PNG', '129', NULL, '2022-12-03 12:43:04', NULL, 'PNS', 'aktif', NULL, '0'),
	(8, 'U007', 'U007', '', 'foto_U007.PNG', '', 'Yanti , S. Pd', '19770503 200504 2 005', 'Pembina Tk I/ IVb', '', '', 'Prod Otomatisasi Tata kelola Perkantoran', '', 'ttd_U007.PNG', '129', NULL, '2022-12-03 12:44:35', NULL, 'PNS', 'aktif', NULL, '0'),
	(9, 'U008', 'U008', '', 'foto_U008.PNG', '', 'Drs. Anwar Efendi', '19650909 200501 1 003', 'Pembina IV/a', '9.24174E+15', '', 'Prod Bisnis Daring dan Pemasaran', 'Kaprog BDP', 'ttd_U008.PNG', '129', NULL, '2022-12-03 12:46:04', NULL, 'PNS', 'aktif', NULL, '0'),
	(10, 'U009', 'U009', '', 'foto_U009.PNG', '', 'Pramudia Ayuni S.Pd', '19691005 200701 1 011', 'Pembina IV/a', '4.33775E+15', '', 'Seni Budaya', 'Wakasis', 'ttd_U009.PNG', '129', NULL, '2022-12-03 12:52:00', NULL, 'PNS', 'aktif', NULL, '0'),
	(11, 'U010', 'U010', '', 'foto_U010.PNG', '', 'Edi Arman. S.Pd', '19700906 200312 1 004', 'Pembina IV/a', '6.23875E+15', '', 'Bahasa Inggris', 'Kapust', 'ttd_U010.PNG', '129', NULL, '2022-12-03 12:58:03', NULL, 'PNS', 'aktif', NULL, '0'),
	(12, 'U011', 'U011', '', 'foto_U011.PNG', '', 'Yunidar, S. Pd, M Pd E', '19720601 200312 2 004', 'Pembina IV/a', '1.93375E+15', '', 'Prod Akuntansi dan Keuangan Lembaga', '', 'ttd_U011.PNG', '129', NULL, '2022-12-03 13:04:12', NULL, 'PNS', 'aktif', NULL, '0'),
	(13, 'U012', 'U012', '', 'foto_U012.PNG', '', 'Fatmawati. S. Pd', '19751020 200501 2 007', 'Pembina IV/a', '1.35275E+15', '', 'Bahasa Inggris', 'Wakakur', 'ttd_U012.PNG', '129', NULL, '2022-12-03 13:12:08', NULL, 'PNS', 'aktif', NULL, '0'),
	(14, 'U013', 'U013', '', 'foto_U013.PNG', '', 'Syamsuriadi, S. Pd', '19670102 200701 1 008', 'Pembina IV/a', '1.43475E+15', '', 'Sejarah', '', 'ttd_U013.PNG', '129', NULL, '2022-12-03 13:42:59', NULL, 'PNS', 'aktif', NULL, '0'),
	(15, 'U014', 'U014', '', 'foto_U014.PNG', '', 'Ratna Dewi, S. Pd', '19690518 200701 2 004', 'Pembina IV/a', '5.85075E+15', '', 'Matematika', '', 'ttd_U014.PNG', '129', NULL, '2022-12-03 13:12:39', NULL, 'PNS', 'aktif', NULL, '0'),
	(16, 'U015', 'U015', '', 'foto_U015.PNG', '', 'Nilawati, S. Pd', '19720409 200604 2 023', 'Pembina IV/a', '5.74175E+15', '', 'Matematika', '', 'ttd_U015.PNG', '129', NULL, '2022-12-03 13:12:24', NULL, 'PNS', 'aktif', NULL, '0'),
	(17, 'U016', 'U016', '', 'foto_U016.PNG', '', 'Syafruddin. S. Pd', '19760804 200801 1 002', 'Pembina IV/a', '5.14175E+15', '', 'Matematika', '', 'ttd_U016.PNG', '129', NULL, '2022-12-03 13:43:30', NULL, 'PNS', 'aktif', NULL, '0'),
	(18, 'U017', 'U017', '', 'foto_U017.PNG', '', 'Zainal Tanjung, S. Pd', '19790719 200801 1 003', 'Pembina IV/a', '2.05176E+15', '', 'Matematika', '', 'ttd_U017.PNG', '129', NULL, '2022-12-03 13:43:45', NULL, 'PNS', 'aktif', NULL, '0'),
	(19, 'U018', 'U018', '', 'foto_U018.PNG', '', 'Agus Hendri. S. Kom', '19710801 200604 1 002', 'Pembina IV/a', '3.13375E+15', '', 'Prod Multimedia', 'Waka Sarpras', 'ttd_U018.PNG', '129', NULL, '2022-12-03 13:44:06', NULL, 'PNS', 'aktif', NULL, '0'),
	(20, 'U019', 'U019', '', 'foto_U019.PNG', '', 'Ratna Juita, S. Pd', '19661004 199003 2 004', 'Pembina IV/a', '3.33674E+15', '', 'IPAS', '', 'ttd_U019.PNG', '129', NULL, '2022-12-03 13:44:17', NULL, 'PNS', 'aktif', NULL, '0'),
	(21, 'U020', 'U020', '', 'foto_U020.PNG', '', 'Zalkhairi, S. Pd', '19680204 199103 1 006', 'Penata TK I/ III.d', '5.36747E+14', '', 'Bimbingan Konseling', '', 'ttd_U020.PNG', '129', NULL, '2022-12-03 13:44:32', NULL, 'PNS', 'aktif', NULL, '0'),
	(22, 'U021', 'U021', '', 'foto_U021.PNG', '', 'Arziah Dhahar, S. Pd', '19711028 200604 2 008', 'Penata TK I/ III.d', '6.36075E+15', '', 'Prod Otomatisasi Tata kelola Perkantoran', 'Kaprog OTKP', 'ttd_U021.PNG', '129', NULL, '2022-12-03 13:44:51', NULL, 'PNS', 'aktif', NULL, '0'),
	(23, 'U022', 'U022', '', 'foto_U022.PNG', '', 'Wike Nofriani, S. Pd, M. Pd', '19850209 200902 2 002', 'Penata TK I/ III.d', '3.54176E+15', '', 'PJOK', '', 'ttd_U022.PNG', '129', NULL, '2022-12-03 13:45:09', NULL, 'PNS', 'aktif', NULL, '0'),
	(24, 'U023', 'U023', '', 'foto_U023.PNG', '', 'Faisal, S. Pd', '19770122 200801 1 012', 'Penata TK I/ III.d', '8.45476E+15', '', 'Prod Multimedia', '', 'ttd_U023.PNG', '129', NULL, '2022-12-03 13:45:59', NULL, 'PNS', 'aktif', NULL, '0'),
	(25, 'U024', 'U024', '', 'foto_U024.PNG', '', 'Zulasfi YS, S. Pd', '19681019 200801 1 001', 'Penata TK I/ III.d', '1.35175E+15', '', 'IPAS', '', 'ttd_U024.PNG', '129', NULL, '2022-12-03 13:46:11', NULL, 'PNS', 'aktif', NULL, '0'),
	(26, 'U025', 'U025', '', 'foto_U025.PNG', '', 'Alisna Rahimsyah. S. Pd', '19751216 200801 2 001', 'Penata TK I/ III.d', '1.54875E+15', '', 'Prod Otomatisasi Tata kelola Perkantoran', '', 'ttd_U025.PNG', '129', NULL, '2022-12-03 13:52:13', NULL, 'PNS', 'aktif', NULL, '0'),
	(27, 'U026', 'U026', '', 'foto_U026.PNG', '', 'Delma Fulia. S. Pd', '19791108 200604 2 028', 'Penata TK I/ III.d', '1.44076E+15', '', 'Prod Akuntansi dan Keuangan Lembaga', '', 'ttd_U026.PNG', '129', NULL, '2022-12-03 13:52:26', NULL, 'PNS', 'aktif', NULL, '0'),
	(28, 'U027', 'U027', '', 'foto_U027.PNG', '', 'Yuniswati SE', '19710403 200604 2 020', 'Penata TK I/ III.d', '3.73575E+15', '', 'IPAS', '', 'ttd_U027.PNG', '129', NULL, '2022-12-03 13:46:34', NULL, 'PNS', 'aktif', NULL, '0'),
	(29, 'U028', 'U028', '', 'foto_U028.PNG', '', 'Dona Kristina. S. Pd', '19830101 200802 2 002', 'Penata TK I/ III.d', '4.33762E+14', '', 'PPKN', 'Kaprog PSPT', 'ttd_U028.PNG', '129', NULL, '2022-12-03 13:47:23', NULL, 'PNS', 'aktif', NULL, '0'),
	(30, 'U029', 'U029', '', 'foto_U029.PNG', '', 'Lisa Nofra. S. Pd', '19851011 200901 2 002', 'Penata TK I/ III.d', '1.34376E+15', '', 'Bahasa Indonesia', '', 'ttd_U029.PNG', '129', NULL, '2022-12-03 13:47:39', NULL, 'PNS', 'aktif', NULL, '0'),
	(31, 'U030', 'U030', '', 'foto_U030.PNG', '', 'Linda SH', '19700301 200801 2 005', 'Penata/ III.c', '1.63375E+15', '', 'PPKN', '', 'ttd_U030.PNG', '129', NULL, '2022-12-03 13:49:00', NULL, 'PNS', 'aktif', NULL, '0'),
	(32, 'U031', 'U031', '', 'foto_U031.PNG', '', 'Raudlatis Subhaani, S. Pd', '19780616 200902 2 001', 'Penata/ III.c', '9.94876E+15', '', 'Bahasa Inggris', '', 'ttd_U031.PNG', '129', NULL, '2022-12-03 13:49:16', NULL, 'PNS', 'aktif', NULL, '0'),
	(33, 'U032', 'U032', '', 'foto_U032.PNG', '', 'Rosi Yanti Rifa . SE', '19741207 200903 2 002', 'Penata/ III.c', '1.53975E+15', '', 'Prod Akuntansi dan Keuangan Lembaga', 'Bend Gaji', 'ttd_U032.PNG', '129', NULL, '2022-12-03 13:49:40', NULL, 'PNS', 'aktif', NULL, '0'),
	(34, 'U033', 'U033', '', 'foto_U033.PNG', '', 'Rheinia Valeni, S. TP', '19800330 201001 2 016', 'Penata/ III.c', '6.66276E+15', '', 'Prod Agribisnis Pengolahan Hasil Pertanian', 'Bend BOS', 'ttd_U033.PNG', '129', NULL, '2022-12-03 12:23:27', NULL, 'PNS', 'aktif', NULL, '0'),
	(35, 'U034', 'U034', '', 'foto_U034.PNG', '', 'Betha Vandayani. SP', '19811112 201001 2 012', 'Penata/ III.c', '6.44476E+15', '', 'Prod Agribisnis Pengolahan Hasil Pertanian', 'Waka Humas', 'ttd_U034.PNG', '129', NULL, '2022-12-03 12:21:05', NULL, 'PNS', 'aktif', NULL, '0'),
	(36, 'U035', 'U035', '', 'foto_U035.PNG', '', 'Roza Maiputri, S. Pd', '19840530 201001 2 021', 'Penata/ III.c', '9.86276E+15', '', 'Prod Bisnis Daring dan Pemasaran', '', 'ttd_U035.PNG', '129', NULL, '2022-12-03 13:50:12', NULL, 'PNS', 'aktif', NULL, '0'),
	(37, 'U036', 'U036', '', 'foto_U036.PNG', '', 'Sirli Melinda, S. Pd', '19861113 201001 2 019', 'Penata/ III.c', '4.44476E+15', '', 'Prod Bisnis Daring dan Pemasaran', '', 'ttd_U036.PNG', '129', NULL, '2022-12-03 13:51:29', NULL, 'PNS', 'aktif', NULL, '0'),
	(38, 'U037', 'U037', '', 'foto_U037.PNG', '', 'Adek Suryany Burtlolek, SP', '19790703 201101 2 003', 'Penata/ III.c', '4.03576E+15', '', 'Prod Agribisnis Pengolahan Hasil Pertanian', 'Kaprog APHP', 'ttd_U037.PNG', '129', NULL, '2022-12-06 08:35:25', NULL, 'PNS', 'aktif', NULL, '0'),
	(39, 'U038', 'U038', '', 'foto_U038.PNG', '', 'Yelizar, S.TP', '19760706 201001 1 009', 'Penata/ III.c', '3.03875E+15', '', 'Prod Agribisnis Pengolahan Hasil Pertanian', '', 'ttd_U038.PNG', '129', NULL, '2022-12-03 12:48:28', NULL, 'PNS', 'aktif', NULL, '0'),
	(40, 'U039', 'U039', '', 'foto_U039.PNG', '', 'Rico Fajri Rahmat, S.Kom', '19850529 201402 1 001', 'Penata/ III.c', '5.86176E+15', '', 'Prod Multimedia', 'Kaprog MM/DKV', 'ttd_U039.PNG', '129', NULL, '2022-12-03 13:53:59', NULL, 'PNS', 'aktif', NULL, '0'),
	(41, 'U040', 'U040', '', 'foto_U040.PNG', '', 'Eramayanti, S. Pd', '19720305 201406 2 002', 'Penata/ III.c', '2.63775E+15', '', 'Bahasa Indonesia', '', 'ttd_U040.PNG', '129', NULL, '2022-12-09 09:03:51', NULL, 'PNS', 'aktif', NULL, '0'),
	(42, 'U041', 'U041', '', 'foto_U041.PNG', '', 'Zuriawati, S.S', '19810908 201406 2 007', 'Penata/ III.c', '7.24076E+15', '', 'Bahasa Inggris', '', 'ttd_U041.PNG', '129', NULL, '2022-12-03 13:54:33', NULL, 'PNS', 'aktif', NULL, '0'),
	(43, 'U042', 'U042', '', 'foto_U042.PNG', '', 'Yanti Dewi Rahayu, S. Pd', '19790710 201101 2 004', 'Penata Muda Tk I/ III.b', '2.04276E+15', '', 'Prod Bisnis Daring dan Pemasaran', 'PBP', 'ttd_U042.PNG', '129', NULL, '2022-12-03 13:54:54', NULL, 'PNS', 'aktif', NULL, '0'),
	(44, 'U043', 'U043', '', 'foto_U043.PNG', '', 'Insanul Kamil, S. Pd', '19851113 201301 1 001', 'Penata Muda Tk I/ III.b', '', '', 'Prod Multimedia', '', 'ttd_U043.PNG', '129', NULL, '2022-12-03 13:55:15', NULL, 'PNS', 'aktif', NULL, '0'),
	(45, 'U044', 'U044', '', 'foto_U044.PNG', '', 'Febrina Anggraini, S.Pd', '', '', '5.54076E+15', '', 'Prod Otomatisasi Tata kelola Perkantoran', '', 'ttd_U044.PNG', '129', NULL, '2022-12-07 09:53:19', NULL, 'GURU', 'aktif', NULL, '0'),
	(46, 'U045', 'U045', '', 'foto_U045.PNG', '', 'Siswenti. SE', '', '', '8.35476E+15', '', 'Prod Otomatisasi Tata kelola Perkantoran', '', 'ttd_U045.PNG', '129', NULL, '2022-12-07 09:53:47', NULL, 'GURU', 'aktif', NULL, '0'),
	(47, 'U046', 'U046', '', 'foto_U046.PNG', '', 'Ryo Pardian. S.Kom', '', '', '8.34676E+15', '', 'Prod DKV', '', 'ttd_U046.PNG', '129', NULL, '2022-12-07 09:53:31', NULL, 'GURU', 'aktif', NULL, '0'),
	(48, 'U047', 'U047', '', NULL, '', 'Zelfa Sovia. S.Pd', '', '', '2.25676E+15', NULL, 'Prod Otomatisasi Tata kelola Perkantoran', '', NULL, NULL, NULL, NULL, NULL, 'GURU', 'aktif', NULL, '0'),
	(49, 'U048', 'U048', '', 'foto_U048.PNG', '', 'Zirmaria Roza. S.Pd', '', '', '1.33977E+15', '', 'Bahasa Inggris', '', 'ttd_U048.PNG', '129', NULL, '2022-12-07 09:53:53', NULL, 'GURU', 'aktif', NULL, '0'),
	(50, 'U049', 'U049', '', NULL, '', 'Ermaleli Putri. S.Pd', '', '', '3.64777E+15', NULL, 'Prod Otomatisasi Tata kelola Perkantoran', '', NULL, NULL, NULL, NULL, NULL, 'GURU', 'aktif', NULL, '0'),
	(51, 'U050', 'U050', '', 'foto_U050.PNG', '', 'Irawati Rahman. S.Pd', '', '', '9.84677E+15', '', 'Seni Budaya', '', 'ttd_U050.PNG', '129', NULL, '2022-12-07 09:54:04', NULL, 'GURU', 'aktif', NULL, '0'),
	(52, 'U051', 'U051', '', NULL, '', 'Andi Irawadi. S.Pd', '', '', '4.44777E+15', NULL, 'Bahasa Indonesia', '', NULL, NULL, NULL, NULL, NULL, 'GURU', 'aktif', NULL, '0'),
	(53, 'U052', 'U052', '', NULL, '', 'Ruci Yulianti. S.Pd', '', '', '5.04777E+15', NULL, 'Prod Multimedia', '', NULL, NULL, NULL, NULL, NULL, 'GURU', 'aktif', NULL, '0'),
	(54, 'U053', 'U053', '', NULL, '', 'Ana Junita. S.Pd. I', '', '', '9.46769E+14', NULL, 'Pend Agama Islam', '', NULL, NULL, NULL, NULL, NULL, 'GURU', 'aktif', NULL, '0'),
	(55, 'U054', 'U054', '', NULL, '', 'Martiusman. S.Sn, M.Sn', '', '', '3.03376E+15', NULL, 'Prod PSPT', '', NULL, NULL, NULL, NULL, NULL, 'GURU', 'aktif', NULL, '0'),
	(56, 'U055', 'U055', '', NULL, '', 'Viviet Handayani, M. Si', '', '', '8.33777E+15', NULL, 'Prod Agribisnis Pengolahan Hasil Pertanian', '', NULL, NULL, NULL, NULL, NULL, 'GURU', 'aktif', NULL, '0'),
	(57, 'U056', 'U056', '', NULL, '', 'Endang Susanti. S.Pd', '', '', '', NULL, 'Bimbingan Konseling', '', NULL, NULL, NULL, NULL, NULL, 'GURU', 'aktif', NULL, '0'),
	(58, 'U057', 'U057', '', NULL, '', 'Fitri Juita , S. Pd', '', '', '', NULL, 'Prod Akuntansi dan Keuangan Lembaga', '', NULL, NULL, NULL, NULL, NULL, 'GURU', 'aktif', NULL, '0'),
	(59, 'U058', 'U058', '', NULL, '', 'Dewi Juana, S. Pd', '', '', '', NULL, 'Pend Agama Islam', '', NULL, NULL, NULL, NULL, NULL, 'GURU', 'aktif', NULL, '0'),
	(60, 'U059', 'U059', '', NULL, '', 'Wiwit Yuli Mardani,S.Pd', '', '', '5.05577E+15', NULL, 'Bimbingan Konseling', '', NULL, NULL, NULL, NULL, NULL, 'GURU', 'aktif', NULL, '0'),
	(61, 'U060', 'U060', '', 'foto_U060.PNG', '', 'Irvan Marzuki,S.Pd', '', '', '2.63777E+15', '', 'Prod PSPT', '', 'ttd_U060.PNG', '129', NULL, '2022-12-03 11:38:00', NULL, 'GURU', 'aktif', NULL, '0'),
	(62, 'U061', 'U061', '', 'foto_U061.PNG', '', 'Yola Trinovia Sari, M.Kom', '-', '-', '-', '082172251349', 'Prod Multimedia', '', 'ttd_U061.PNG', '129', NULL, '2022-12-07 09:54:24', NULL, 'GURU', 'aktif', NULL, '0'),
	(63, 'U062', 'U062', '', NULL, '', 'Mutia Gustiandi, S. Pd', '', '', '', NULL, 'PJOK', '', NULL, NULL, NULL, NULL, NULL, 'GURU', 'aktif', NULL, '0'),
	(64, 'U063', 'U063', '', NULL, '', 'Forci Agustin Amelia, S. Pd', '', '', '3.15276E+15', NULL, 'Prod Otomatisasi Tata kelola Perkantoran', '', NULL, NULL, NULL, NULL, NULL, 'GURU', 'aktif', NULL, '0'),
	(65, 'U064', 'U064', '', NULL, '', 'Rikha Putri Boni, S. si', '', '', '3.95677E+15', NULL, 'Dasar Kejuruan APHP', '', NULL, NULL, NULL, NULL, NULL, 'GURU', 'aktif', NULL, '0'),
	(66, 'U065', 'U065', '', NULL, '', 'Ebri Salmi, S. Pd.I', '', '', '', NULL, 'Pend Agama Islam', '', NULL, NULL, NULL, NULL, NULL, 'GURU', 'aktif', NULL, '0'),
	(67, 'U066', 'U066', '', NULL, '', 'Ira Yosmita,S. Pd', '', '', '', NULL, 'Bimbingan Konseling', '', NULL, NULL, NULL, NULL, NULL, 'GURU', 'aktif', NULL, '0'),
	(68, 'U067', 'U067', '', NULL, '', 'Nindy Silvia Ersa, S. TP, Gr', '', '', '2.95877E+15', NULL, 'Prod Agribisnis Pengolahan Hasil Pertanian', '', NULL, NULL, NULL, NULL, NULL, 'GURU', 'aktif', NULL, '0'),
	(69, 'U068', 'U068', '', NULL, '', 'Putri Handayani, S.Pd', '', '', '', NULL, 'Bahasa Indonesia', '', NULL, NULL, NULL, NULL, NULL, 'GURU', 'aktif', NULL, '0'),
	(70, 'U069', 'U069', '', NULL, '', 'Ramadhani, S. Pd', '', '', '', NULL, 'Pend Agama', '', NULL, NULL, NULL, NULL, NULL, 'GURU', 'aktif', NULL, '0'),
	(71, 'U070', 'U070', '', NULL, '', 'Mustofa, S. Pd', '', '', '9.46375E+15', NULL, 'PPKN', '', NULL, NULL, NULL, NULL, NULL, 'GURU', 'aktif', NULL, '0'),
	(72, 'U071', 'U071', '', NULL, '', 'Rival Asmara, S.Sn', '', '', '', NULL, 'Prod PSPT', '', NULL, NULL, NULL, NULL, NULL, 'GURU', 'aktif', NULL, '0'),
	(73, 'U072', 'U072', '', NULL, '', 'Nadia Rista Yonanda, S.Pd', '', '', '', NULL, 'Bimbingan Konseling', '', NULL, NULL, NULL, NULL, NULL, 'GURU', 'aktif', NULL, '0'),
	(74, 'U073', 'U073', '', NULL, '', 'Deli Hermansyah, S. Pd', '', '', '', NULL, 'Pend Agama Islam', '', NULL, NULL, NULL, NULL, NULL, 'GURU', 'aktif', NULL, '0'),
	(75, 'U074', 'U074', '', NULL, '', 'Ulya Mahrumi, S. Pd.i, M. Pd', '', '', '', NULL, 'Pend Agama Islam', '', NULL, NULL, NULL, NULL, NULL, 'GURU', 'aktif', NULL, '0'),
	(76, 'U075', 'U075', '', NULL, '', 'Rina Febrianita, S. Pd', '', '', '', NULL, 'Pend Agama Islam', '', NULL, NULL, NULL, NULL, NULL, 'GURU', 'aktif', NULL, '0'),
	(77, 'U076', 'U076', '', 'foto_U076.PNG', '', 'Erlina', '19650704 201406 2 001', 'Pengatur Muda Tk I / II.b', '2739743644300072', '', '', '', 'ttd_U076.PNG', '129', NULL, '2022-12-03 11:35:01', NULL, 'TENDIK', 'aktif', NULL, '0'),
	(78, 'U077', 'U077', '', 'foto_U077.PNG', '', 'Nora Sisri Fradila. S.Pd', '', '', '', '', '', '', 'ttd_U077.PNG', '129', NULL, '2022-12-03 11:38:40', NULL, 'TENDIK', 'aktif', NULL, '0'),
	(79, 'U078', 'U078', '', 'foto_U078.PNG', '', 'Zaeril Rahman,S.Pd', '', '', '', '', '', '', 'ttd_U078.PNG', '129', NULL, '2022-12-03 11:38:43', NULL, 'TENDIK', 'aktif', NULL, '0'),
	(80, 'U079', 'U079', '', 'foto_U079.PNG', '', 'Wanda Hidayat,S.Pd', '', '', '', '', '', '', 'ttd_U079.PNG', '129', NULL, '2022-12-03 11:53:41', NULL, 'TENDIK', 'aktif', NULL, '0'),
	(81, 'U080', 'U080', '', 'foto_U080.PNG', '', 'Ines Widia Putri, S. Pt', '', '', '', '', '', '', 'ttd_U080.PNG', '129', NULL, '2022-12-03 11:39:02', NULL, 'TENDIK', 'aktif', NULL, '0'),
	(82, 'U081', 'U081', '', 'foto_U081.PNG', '', 'Yulasmiati, SE', '', '', '', '', '', '', 'ttd_U081.PNG', '129', NULL, '2022-12-03 11:39:02', NULL, 'TENDIK', 'aktif', NULL, '0'),
	(83, 'U082', 'U082', '', 'foto_U082.PNG', '', 'Novia Lestika, S. I. Kom', '', '', '', '', '', '', 'ttd_U082.PNG', '129', NULL, '2022-12-03 11:39:18', NULL, 'TENDIK', 'aktif', NULL, '0'),
	(84, 'U083', 'U083', '', 'foto_U083.PNG', '', 'Netty Anggraini, SE, M Pd E', '', '', '', '', '', '', 'ttd_U083.PNG', '129', NULL, '2022-12-03 11:39:19', NULL, 'TENDIK', 'aktif', NULL, '0'),
	(85, 'U084', 'U084', '', 'foto_U084.PNG', '', 'Ayu Pidha Dahlia. A. Ma. Pust', '', '', '', '', '', '', 'ttd_U084.PNG', '129', NULL, '2022-12-03 11:39:33', NULL, 'TENDIK', 'aktif', NULL, '0'),
	(86, 'U085', 'U085', '', 'foto_U085.PNG', '', 'Nia Putri Novri Endy, A. Md', '', '', '', '', '', '', 'ttd_U085.PNG', '129', NULL, '2022-12-03 11:39:45', NULL, 'TENDIK', 'aktif', NULL, '0'),
	(87, 'U086', 'U086', '', 'foto_U086.PNG', '', 'Nurlis', '', '', '', '', '', '', 'ttd_U086.PNG', '129', NULL, '2022-12-03 11:39:48', NULL, 'TENDIK', 'aktif', NULL, '0'),
	(88, 'U087', 'U087', '', 'foto_U087.PNG', '', 'Nurman', '', '', '', '', '', '', 'ttd_U087.PNG', '129', NULL, '2022-12-03 11:40:02', NULL, 'TENDIK', 'aktif', NULL, '0'),
	(89, 'U088', 'U088', '', 'foto_U088.PNG', '', 'Mayyunis', '', '', '', '', '', '', 'ttd_U088.PNG', '129', NULL, '2022-12-03 11:40:07', NULL, 'TENDIK', 'aktif', NULL, '0'),
	(90, 'U089', 'U089', '', 'foto_U089.PNG', '', 'Zainal', '', '', '', '', '', '', 'ttd_U089.PNG', '129', NULL, '2022-12-03 11:40:22', NULL, 'TENDIK', 'aktif', NULL, '0'),
	(91, 'U090', 'U090', '', 'foto_U090.PNG', '', 'Joni Iskandar', '', '', '', '', '', '', 'ttd_U090.PNG', '129', NULL, '2022-12-03 11:40:28', NULL, 'TENDIK', 'aktif', NULL, '0'),
	(129, 'operator', '123456', '', 'foto_OPERATOR.PNG', '', 'Operator SMKNEL', '', '', '', '', '', '', 'ttd_OPERATOR.PNG', '129', NULL, '2022-12-07 09:55:01', NULL, 'OPERATOR', 'aktif', NULL, '0'),
	(130, 'pns', '123456', '', NULL, '', 'PNS', '', '', '', NULL, '', '', NULL, NULL, NULL, NULL, NULL, 'PNS', 'aktif', NULL, '1'),
	(131, 'guru', '123456', '', NULL, '', 'Pengajar', '', '', '', '', '', '', NULL, '1', NULL, '2022-10-02 20:30:06', NULL, 'GURU', 'aktif', NULL, '1'),
	(132, 'operator', 'operator', NULL, 'foto_OPERATOR.PNG', NULL, '', '', '', '', '082172251349', '', '', 'ttd_OPERATOR.PNG', '129', NULL, '2022-12-07 09:54:53', NULL, 'OPERATOR', 'aktif', NULL, '0'),
	(133, 'niogroup', 'niogroup', NULL, 'foto_NIOGROUP.PNG', NULL, 'Niozone Group', '10115261', 'III C', '', '', '', 'Wakakur', 'ttd_NIOGROUP.PNG', '1', NULL, '2022-12-06 20:16:40', NULL, 'TENDIK', 'aktif', NULL, '0');
/*!40000 ALTER TABLE `user` ENABLE KEYS */;

/*!40101 SET SQL_MODE=IFNULL(@OLD_SQL_MODE, '') */;
/*!40014 SET FOREIGN_KEY_CHECKS=IF(@OLD_FOREIGN_KEY_CHECKS IS NULL, 1, @OLD_FOREIGN_KEY_CHECKS) */;
/*!40101 SET CHARACTER_SET_CLIENT=@OLD_CHARACTER_SET_CLIENT */;
